Authors,Title,Year,Source title,Volume,Issue,Art. No.,Page start,Page end,Page count,Cited by,DOI,Link,Document Type,Source,EID
"Bassham, D.C., MacIntosh, G.C.","Degradation of cytosolic ribosomes by autophagy-related pathways",2017,"Plant Science","262",,,"169","174",,,10.1016/j.plantsci.2017.05.008,"https://www.scopus.com/inward/record.uri?eid=2-s2.0-85019848071&doi=10.1016%2fj.plantsci.2017.05.008&partnerID=40&md5=2dca16c4dfc73c1f055d47741d6bb6db",Review,Scopus,2-s2.0-85019848071
"Floyd, B.E., Mugume, Y., Morriss, S.C., MacIntosh, G.C., Bassham, D.C.","Localization of RNS2 ribonuclease to the vacuole is required for its role in cellular homeostasis",2017,"Planta","245","4",,"779","792",,1,10.1007/s00425-016-2644-x,"https://www.scopus.com/inward/record.uri?eid=2-s2.0-85007154865&doi=10.1007%2fs00425-016-2644-x&partnerID=40&md5=3e16c193db7c2c8419f50a32dc004dd0",Article,Scopus,2-s2.0-85007154865
"Morriss, S.C., Studham, M.E., Tylka, G.L., MacIntosh, G.C.","Validation of a hairy roots system to study soybean-soybean aphid interactions",2017,"PLoS ONE","12","3", e0174914,"","",,,10.1371/journal.pone.0174914,"https://www.scopus.com/inward/record.uri?eid=2-s2.0-85016780550&doi=10.1371%2fjournal.pone.0174914&partnerID=40&md5=f04a4514460d8b2688ee0d6f7d1b3f0b",Article,Scopus,2-s2.0-85016780550
"Hillwig, M.S., Chiozza, M., Casteel, C.L., Lau, S.T., Hohenstein, J., Hernández, E., Jander, G., Macintosh, G.C.","Abscisic acid deficiency increases defence responses against Myzus persicae in Arabidopsis",2016,"Molecular Plant Pathology","17","2",,"225","235",,7,10.1111/mpp.12274,"https://www.scopus.com/inward/record.uri?eid=2-s2.0-84956590504&doi=10.1111%2fmpp.12274&partnerID=40&md5=228b0b967a6b28af1c74d235c727006d",Article,Scopus,2-s2.0-84956590504
"Klionsky, D.J., Klionsky, D.J., Abdelmohsen, K., Abe, A., Abedin, M.J., Abeliovich, H., Arozena, A.A., Adachi, H., Adams, C.M., Adams, P.D., Adeli, K., Adhihetty, P.J., Adler, S.G., Agam, G., Agarwal, R., Aghi, M.K., Agnello, M., Agostinis, P., Aguilar, P.V., Aguirre-Ghiso, J., Aguirre-Ghiso, J., Airoldi, E.M., Airoldi, E.M., Ait-Si-Ali, S., Akematsu, T., Akporiaye, E.T., Al-Rubeai, M., Albaiceta, G.M., Albanese, C., Albani, D., Albert, M.L., Aldudo, J., Algül, H., Alirezaei, M., Alloza, I., Alloza, I., Almasan, A., Almonte-Beceril, M., Alnemri, E.S., Alonso, C., Altan-Bonnet, N., Altieri, D.C., Alvarez, S., Alvarez-Erviti, L., Alves, S., Amadoro, G., Amano, A., Amantini, C., Ambrosio, S., Amelio, I., Amer, A.O., Amessou, M., Amon, A., An, Z., Anania, F.A., Andersen, S.U., Andley, U.P., Andreadi, C.K., Andrieu-Abadie, N., Anel, A., Ann, D.K., Anoopkumar-Dukie, S., Antonioli, M., Antonioli, M., Aoki, H., Apostolova, N., Aquila, S., Aquilano, K., Araki, K., Arama, E., Aranda, A., Araya, J., Arcaro, A., Arias, E., Arimoto, H., Ariosa, A.R., Armstrong, J.L., Arnould, T., Arsov, I., Asanuma, K., Askanas, V., Asselin, E., Atarashi, R., Atherton, S.S., Atkin, J.D., Attardi, L.D., Auberger, P., Auburger, G., Aurelian, L., Autelli, R., Avagliano, L., Avagliano, L., Avantaggiati, M.L., Avrahami, L., Awale, S., Azad, N., Bachetti, T., Backer, J.M., Bae, D.-H., Bae, J.-S., Bae, O.-N., Bae, S.H., Baehrecke, E.H., Baek, S.-H., Baghdiguian, S., Bagniewska-Zadworna, A., Bai, H., Bai, J., Bai, X.-Y., Bailly, Y., Balaji, K.N., Balduini, W., Ballabio, A., Balzan, R., Banerjee, R., Bánhegyi, G., Bao, H., Barbeau, B., Barrachina, M.D., Barreiro, E., Bartel, B., Bartolomé, A., Bassham, D.C., Bassi, M.T., Bast, R.C., Basu, A., Batista, M.T., Batoko, H., Battino, M., Bauckman, K., Baumgarner, B.L., Bayer, K.U., Beale, R., Beaulieu, J.-F., Beck, G.R., Beck, G.R., Becker, C., Beckham, J.D., Bédard, P.-A., Bednarski, P.J., Begley, T.J., Behl, C., Behrends, C., Behrens, G.M.N., Behrns, K.E., Bejarano, E., Belaid, A., Belleudi, F., Bénard, G., Berchem, G., Bergamaschi, D., Bergami, M., Berkhout, B., Berliocchi, L., Bernard, A., Bernard, M., Bernassola, F., Bertolotti, A., Bess, A.S., Besteiro, S., Bettuzzi, S., Bhalla, S., Bhattacharyya, S., Bhutia, S.K., Biagosch, C., Bianchi, M.W., Bianchi, M.W., Bianchi, M.W., Biard-Piechaczyk, M., Billes, V., Bincoletto, C., Bingol, B., Bird, S.W., Bitoun, M., Bjedov, I., Blackstone, C., Blanc, L., Blanco, G.A., Blomhoff, H.K., Boada-Romero, E., Böckler, S., Boes, M., Boesze-Battaglia, K., Boise, L.H., Boise, L.H., Bolino, A., Boman, A., Bonaldo, P., Bordi, M., Bordi, M., Bosch, J., Botana, L.M., Botti, J., Bou, G., Bouché, M., Bouchecareilh, M., Boucher, M.-J., Boulton, M.E., Bouret, S.G., Boya, P., Boyer-Guittaut, M., Bozhkov, P.V., Brady, N., Braga, V.M.M., Brancolini, C., Braus, G.H., Bravo-San-Pedro, J.M., Bravosan-Pedro, J.M., Bravosan-Pedro, J.M., Bravosan-Pedro, J.M., Brennan, L.A., Bresnick, E.H., Brest, P., Bridges, D., Bringer, M.-A., Brini, M., Brito, G.C., Brodin, B., Brookes, P.S., Brown, E.J., Brown, K., Broxmeyer, H.E., Bruhat, A., Bruhat, A., Brum, P.C., Brumell, J.H., Brunetti-Pierri, N., Brunetti-Pierri, N., Bryson-Richardson, R.J., Buch, S., Buchan, A.M., Budak, H., Bulavin, D.V., Bulavin, D.V., Bulavin, D.V., Bultman, S.J., Bultynck, G., Bumbasirevic, V., Burelle, Y., Burke, R.E., Burke, R.E., Burmeister, M., Bütikofer, P., Caberlotto, L., Cadwell, K., Cahova, M., Cai, D., Cai, J., Cai, Q., Calatayud, S., Camougrand, N., Campanella, M., Campbell, G.R., Campbell, M., Campello, S., Campello, S., Candau, R., Caniggia, I., Cantoni, L., Cao, L., Caplan, A.B., Caraglia, M., Cardinali, C., Cardoso, S.M., Carew, J.S., Carleton, L.A., Carlin, C.R., Carloni, S., Carlsson, S.R., Carmona-Gutierrez, D., Carneiro, L.A.M., Carnevali, O., Carra, S., Carrier, A., Carroll, B., Casas, C., Casas, J., Cassinelli, G., Castets, P., Castro-Obregon, S., Cavallini, G., Ceccherini, I., Cecconi, F., Cecconi, F., Cecconi, F., Cederbaum, A.I., Ceña, V., Ceña, V., Cenci, S., Cenci, S., Cerella, C., Cervia, D., Cetrullo, S., Chaachouay, H., Chae, H.-J., Chagin, A.S., Chai, C.-Y., Chai, C.-Y., Chakrabarti, G., Chamilos, G., Chan, E.Y.W., Chan, M.T.V., Chandra, D., Chandra, P., Chang, C.-P., Chang, R.C.-C., Chang, T.Y., Chatham, J.C., Chatterjee, S., Chauhan, S., Che, Y., Cheetham, M.E., Cheluvappa, R., Chen, C.-J., Chen, G., Chen, G., Chen, G.-C., Chen, G., Chen, H., Chen, J.W., Chen, J.-K., Chen, J.-K., Chen, M., Chen, M., Chen, P., Chen, Q., Chen, Q., Chen, S.-D., Chen, S., Chen, S.S.-L., Chen, W., Chen, W.-J., Chen, W.Q., Chen, W., Chen, X., Chen, Y.-H., Chen, Y.-G., Chen, Y., Chen, Y., Chen, Y., Chen, Y., Chen, Y.-J., Chen, Y.-Q., Chen, Y., Chen, Z., Chen, Z., Cheng, A., Cheng, C.H.K., Cheng, H., Cheong, H., Cherry, S., Chesney, J., Cheung, C.H.A., Chevet, E., Chi, H.C., Chi, S.-G., Chiacchiera, F., Chiang, H.-L., Chiarelli, R., Chiariello, M., Chiariello, M., Chiariello, M., Chieppa, M., Chin, L.-S., Chiong, M., Chiu, G.N.C., Cho, D.-H., Cho, S.-G., Cho, W.C., Cho, Y.-Y., Cho, Y.-S., Choi, A.M.K., Choi, E.-J., Choi, E.-K., Choi, E.-K., Choi, E.-K., Choi, E.-K., Choi, J., Choi, M.E., Choi, S.-I., Choi, S.-I., Chou, T.-F., Chouaib, S., Choubey, D., Choubey, V., Chow, K.-C., Chowdhury, K., Chu, C.T., Chuang, T.-H., Chun, T., Chung, H., Chung, T., Chung, Y.-L., Chwae, Y.-J., Cianfanelli, V., Ciarcia, R., Ciechomska, I.A., Ciriolo, M.R., Cirone, M., Claerhout, S., Claerhout, S., Clague, M.J., Clària, J., Clarke, P.G.H., Clarke, R., Clementi, E., Clementi, E., Cleyrat, C., Cnop, M., Coccia, E.M., Cocco, T., Codogno, P., Coers, J., Cohen, E.E.W., Colecchia, D., Colecchia, D., Colecchia, D., Coletto, L., Coll, N.S., Colucci-Guyon, E., Comincini, S., Condello, M., Cook, K.L., Coombs, G.H., Cooper, C.D., Cooper, J.M., Coppens, I., Corasaniti, M.T., Corazzari, M., Corazzari, M., Corbalan, R., Corcelle-Termeau, E., Cordero, M.D., Corral-Ramos, C., Corti, O., Corti, O., Cossarizza, A., Costelli, P., Costes, S., Cotman, S.L., Coto-Montes, A., Cottet, S., Cottet, S., Couve, E., Covey, L.R., Cowart, L.A., Cox, J.S., Coxon, F.P., Coyne, C.B., Cragg, M.S., Craven, R.J., Crepaldi, T., Crespo, J.L., Criollo, A., Crippa, V., Cruz, M.T., Cuervo, A.M., Cuezva, J.M., Cui, T., Cutillas, P.R., Czaja, M.J., Czyzyk-Krzeska, M.F., Dagda, R.K., Dahmen, U., Dai, C., Dai, W., Dai, Y., Dalby, K.N., Valle, L.D., Dalmasso, G., D'amelio, M., Damme, M., Darfeuille-Michaud, A., Dargemont, C., Darley-Usmar, V.M., Dasarathy, S., Dasgupta, B., Dash, S., Dass, C.R., Davey, H.M., Davids, L.M., Dávila, D., Davis, R.J., Dawson, T.M., Dawson, T.M., Dawson, V.L., Daza, P., de Belleroche, J., de Figueiredo, P., de Figueiredo, P., de Figueiredo, R.C.B.Q., de la Fuente, J., De Martino, L., De Matteis, A., De Meyer, G.R.Y., De Milito, A., De Santi, M., de Souza, W., De Tata, V., De Zio, D., Debnath, J., Dechant, R., Decuypere, J.-P., Decuypere, J.-P., Deegan, S., Dehay, B., Del Bello, B., Del Re, D.P., Delage-Mourroux, R., Delbridge, L.M.D., Deldicque, L., Delorme-Axford, E., Deng, Y., Dengjel, J., Denizot, M., Dent, P., Der, C.J., Deretic, V., Derrien, B., Deutsch, E., Devarenne, T.P., Devenish, R.J., Di Bartolomeo, S., Di Daniele, N., Di Domenico, F., Di Nardo, A., Di Paola, S., Di Pietro, A., Di Renzo, L., Di Antonio, A., Díaz-Araya, G., Díaz-Laviada, I., Diaz-Meco, M.T., Diaz-Nido, J., Dickey, C.A., Dickson, R.C., Diederich, M., Digard, P., Dikic, I., Dinesh-Kumar, S.P., Ding, C., Ding, W.-X., Ding, Z., Dini, L., Distler, J.H.W., Diwan, A., Djavaheri-Mergny, M., Dmytruk, K., Dobson, R.C.J., Doetsch, V., Dokladny, K., Dokudovskaya, S., Donadelli, M., Dong, X.C., Dong, X., Dong, Z., Donohue, T.M., Donohue-Jr, T.M., Doran, K.S., D'orazi, G., Dorn, G.W., Dosenko, V., Dridi, S., Drucker, L., Du, J., Du, L.-L., Du, L., du Toit, A., Dua, P., Duan, L., Duann, P., Dubey, V.K., Duchen, M.R., Duchosal, M.A., Duez, H., Dugail, I., Dumit, V.I., Duncan, M.C., Dunlop, E.A., Dunn, W.A., Dupont, N., Dupuis, L., Dupuis, L., Durán, R.V., Durcan, T.M., Duvezin-Caubet, S., Duvvuri, U., Eapen, V., Ebrahimi-Fakhari, D., Echard, A., Eckhart, L., Edelstein, C.L., Edinger, A.L., Eichinger, L., Eisenberg, T., Eisenberg-Lerner, A., Eissa, N.T., El-Deiry, W.S., El-Khoury, V., Elazar, Z., Eldar-Finkelman, H., Elliott, C.J.H., Emanuele, E., Emmenegger, U., Engedal, N., Engelbrecht, A.-M., Engelender, S., Enserink, J.M., Erdmann, R., Erenpreisa, J., Eri, R., Eriksen, J.L., Erman, A., Escalante, R., Eskelinen, E.-L., Espert, L., Esteban-Martínez, L., Evans, T.J., Fabri, M., Fabrias, G., Fabrizi, C., Facchiano, A., Færgeman, N.J., Faggioni, A., Fairlie, W.D., Fairlie, W.D., Fairlie, W.D., Fan, C., Fan, D., Fan, J., Fang, S., Fanto, M., Fanzani, A., Farkas, T., Faure, M., Favier, F.B., Favier, F.B., Fearnhead, H., Federici, M., Fei, E., Felizardo, T.C., Feng, H., Feng, Y., Feng, Y., Feng, Y., Ferguson, T.A., Fernández, Á.F., Fernandez-Barrena, M.G., Fernandez-Checa, J.C., Fernandez-Checa, J.C., Fernández-López, A., Fernandez-Zapico, M.E., Feron, O., Ferraro, E., Ferreira-Halder, C.V., Fesus, L., Feuer, R., Fiesel, F.C., Filippi-Chiela, E.C., Filomeni, G., Filomeni, G., Fimia, G.M., Fimia, G.M., Fingert, J.H., Fingert, J.H., Finkbeiner, S., Finkbeiner, S., Finkel, T., Fiorito, F., Fiorito, F., Fisher, P.B., Flajolet, M., Flamigni, F., Florey, O., Florio, S., Floto, R.A., Folini, M., Follo, C., Fon, E.A., Fornai, F., Fornai, F., Fortunato, F., Fraldi, A., Franco, R., Francois, A., Francois, A., François, A., Frankel, L.B., Fraser, I.D.C., Frey, N., Freyssenet, D.G., Frezza, C., Friedman, S.L., Frigo, D.E., Frigo, D.E., Fu, D., Fuentes, J.M., Fueyo, J., Fujitani, Y., Fujiwara, Y., Fujiya, M., Fukuda, M., Fulda, S., Fusco, C., Gabryel, B., Gaestel, M., Gailly, P., Gajewska, M., Galadari, S., Galadari, S., Galili, G., Galindo, I., Galindo, M.F., Galliciotti, G., Galluzzi, L., Galluzzi, L., Galluzzi, L., Galluzzi, L., Galluzzi, L., Galy, V., Gammoh, N., Gandy, S., Gandy, S., Ganesan, A.K., Ganesan, S., Ganley, I.G., Gannagé, M., Gao, F.-B., Gao, F., Gao, J.-X., Nannig, L.G., Véscovi, E.G., Garcia-Macía, M., Garcia-Ruiz, C., Garg, A.D., Garg, P.K., Gargini, R., Gassen, N.C., Gatica, D., Gatica, D., Gatti, E., Gatti, E., Gatti, E., Gavard, J., Gavathiotis, E., Ge, L., Ge, P., Ge, S., Gean, P.-W., Gelmetti, V., Genazzani, A.A., Geng, J., Genschik, P., Gerner, L., Gestwicki, J.E., Gewirtz, D.A., Ghavami, S., Ghigo, E., Ghosh, D., Giammarioli, A.M., Giammarioli, A.M., Giampieri, F., Giampietri, C., Giatromanolaki, A., Gibbings, D.J., Gibellini, L., Gibson, S.B., Ginet, V., Giordano, A., Giordano, A., Giorgini, F., Giovannetti, E., Giovannetti, E., Girardin, S.E., Gispert, S., Giuliano, S., Giuliano, S., Gladson, C.L., Glavic, A., Gleave, M., Godefroy, N., Gogal, R.M., Gokulan, K., Goldman, G.H., Goletti, D., Goligorsky, M.S., Gomes, A.V., Gomes, L.C., Gomez, H., Gomez-Manzano, C., Gómez-Sánchez, R., Gonçalves, D.A.P., Goncu, E., Gong, Q., Gongora, C., Gonzalez, C.B., Gonzalez-Alegre, P., Gonzalez-Cabo, P., Gonzalez-Cabo, P., González-Polo, R.A., Goping, I.S., Gorbea, C., Gorbunov, N.V., Goring, D.R., Gorman, A.M., Gorski, S.M., Gorski, S.M., Goruppi, S., Goto-Yamada, S., Gotor, C., Gottlieb, R.A., Gozes, I., Gozuacik, D., Graba, Y., Graef, M., Granato, G.E., Grant, G.D., Grant, S., Gravina, G.L., Green, D.R., Greenhough, A., Greenwood, M.T., Grimaldi, B., Gros, F., Grose, C., Groulx, J.-F., Gruber, F., Grumati, P., Grumati, P., Grune, T., Guan, J.-L., Guan, K.-L., Guerra, B., Guillen, C., Guillen, C., Gulshan, K., Gunst, J., Guo, C., Guo, L., Guo, M., Guo, W., Guo, X.-G., Gust, A.A., Gustafsson, Å.B., Gutierrez, E., Gutierrez, M.G., Gwak, H.-S., Haas, A., Haber, J.E., Hadano, S., Hagedorn, M., Hahn, D.R., Halayko, A.J., Hamacher-Brady, A., Hamada, K., Hamai, A., Hamann, A., Hamasaki, M., Hamer, I., Hamid, Q., Hammond, E.M., Han, F., Han, W., Handa, J.T., Hanover, J.A., Hansen, M., Harada, M., Harhaji-Trajkovic, L., Harper, J.W., Harrath, A.H., Harris, A.L., Harris, J., Hasler, U., Hasselblatt, P., Hasui, K., Hawley, R.G., Hawley, T.S., He, C., He, C.Y., He, F., He, G., He, R.-R., He, X.-H., He, Y.-W., He, Y.-Y., Heath, J.K., Hébert, M.-J., Heinzen, R.A., Helgason, G.V., Hensel, M., Henske, E.P., Her, C., Herman, P.K., Hernández, A., Hernandez, C., Hernández-Tiedra, S., Hetz, C., Hetz, C., Hiesinger, P.R., Higaki, K., Hilfiker, S., Hill, B.G., Hill, J.A., Hill, W.D., Hill, W.D., Hill, W.D., Hill, W.D., Hino, K., Hofius, D., Hofman, P., Höglinger, G.U., Höglinger, G.U., Höhfeld, J., Holz, M.K., Holz, M.K., Hong, Y., Hood, D.A., Hoozemans, J.J.M., Hoppe, T., Hsu, C., Hsu, C.-Y., Hsu, L.-C., Hu, D., Hu, G., Hu, H.-M., Hu, H., Hu, M.C., Hu, Y.-C., Hu, Z.-W., Hua, F., Hua, Y., Huang, C., Huang, C., Huang, H.-L., Huang, K.-H., Huang, K.-Y., Huang, S., Huang, S., Huang, W.-P., Huang, Y.-R., Huang, Y., Huang, Y., Huber, T.B., Huber, T.B., Huber, T.B., Huebbe, P., Huh, W.-K., Hulmi, J.J., Hulmi, J.J., Hur, G.M., Hurley, J.H., Husak, Z., Hussain, S.N.A., Hussain, S.N.A., Hussain, S., Hwang, J.J., Hwang, S., Hwang, T.I.S., Ichihara, A., Imai, Y., Imbriano, C., Inomata, M., Into, T., Iovane, V., Iovanna, J.L., Iozzo, R.V., Ip, N.Y., Irazoqui, J.E., Iribarren, P., Isaka, Y., Isakovic, A.J., Ischiropoulos, H., Ischiropoulos, H., Isenberg, J.S., Ishaq, M., Ishida, H., Ishii, I., Ishmael, J.E., Isidoro, C., Isobe, K.-I., Isono, E., Issazadeh-Navikas, S., Itahana, K., Itakura, E., Ivanov, A.I., Iyer, A.K.V., Izquierdo, J.M., Izumi, Y., Izzo, V., Izzo, V., Izzo, V., Izzo, V., Jäättelä, M., Jaber, N., Jackson, D.J., Jackson, W.T., Jacob, T.G., Jacques, T.S., Jagannath, C., Jain, A., Jain, A., Jana, N.R., Jang, B.K., Jani, A., Jani, A., Janji, B., Jannig, P.R., Jansson, P.J., Jean, S., Jendrach, M., Jeon, J.-H., Jessen, N., Jeung, E.-B., Jia, K., Jia, L., Jiang, H., Jiang, H., Jiang, L., Jiang, T., Jiang, X., Jiang, X., Jiang, X., Jiang, Y., Jiang, Y., Jiang, Y., Jiang, Y., Jiménez, A., Jin, C., Jin, H., Jin, L., Jin, M., Jin, M., Jin, S., Jinwal, U.K., Jo, E.-K., Johansen, T., Johnson, D.E., Johnson, G.V.W., Johnson, J.D., Jonasch, E., Jones, C., Joosten, L.A.B., Jordan, J., Joseph, A.-M., Joseph, B., Joubert, A.M., Ju, D., Ju, J., Juan, H.-F., Juenemann, K., Juhász, G., Jung, H.S., Jung, J.U., Jung, Y.-K., Jungbluth, H., Jungbluth, H., Jungbluth, H., Justice, M.J., Justice, M.J., Jutten, B., Kaakoush, N.O., Kaarniranta, K., Kaasik, A., Kabuta, T., Kaeffer, B., Kågedal, K., Kahana, A., Kajimura, S., Kakhlon, O., Kalia, M., Kalvakolanu, D.V., Kamada, Y., Kambas, K., Kaminskyy, V.O., Kampinga, H.H., Kandouz, M., Kang, C., Kang, C., Kang, R., Kang, T.-C., Kanki, T., Kanneganti, T.-D., Kanno, H., Kanthasamy, A.G., Kantorow, M., Kaparakis-Liaskos, M., Kapuy, O., Karantza, V., Karim, M.R., Karmakar, P., Kaser, A., Kaushik, S., Kawula, T., Kaynar, A.M., Kaynar, A.M., Ke, P.-Y., Ke, Z.-J., Kehrl, J.H., Keller, K.E., Kemper, J.K., Kenworthy, A.K., Kepp, O., Kern, A., Kesari, S., Kessel, D., Ketteler, R., Kettelhut, I.C., Khambu, B., Khan, M.M., Khandelwal, V.K.M., Khare, S., Kiang, J.G., Kiger, A.A., Kihara, A., Kim, A.L., Kim, C.H., Kim, D.R., Kim, D.-H., Kim, E.K., Kim, E.K., Kim, H.Y., Kim, H.-R., Kim, J.-S., Kim, J.H., Kim, J.H., Kim, J.C., Kim, J.H., Kim, J.H., Kim, K.W., Kim, M.D., Kim, M.-M., Kim, P.K., Kim, S.W., Kim, S.-Y., Kim, Y.-S., Kim, Y., Kimchi, A., Kimmelman, A.C., Kimura, T., King, J.S., Kirkegaard, K., Kirkin, V., Kirshenbaum, L.A., Kishi, S., Kitajima, Y., Kitamoto, K., Kitaoka, Y., Kitazato, K., Kley, R.A., Klimecki, W.T., Klinkenberg, M., Klucken, J., Knævelsrud, H., Knecht, E., Knuppertz, L., Ko, J.-L., Kobayashi, S., Koch, J.C., Koechlin-Ramonatxo, C., Koenig, U., Koh, Y.H., Köhler, K., Kohlwein, S.D., Koike, M., Komatsu, M., Kominami, E., Kong, D., Kong, H.J., Konstantakou, E.G., Kopp, B.T., Korcsmaros, T., Korhonen, L., Korolchuk, V.I., Koshkina, N.V., Kou, Y., Koukourakis, M.I., Koumenis, C., Kovács, A.L., Kovács, T., Kovacs, W.J., Koya, D., Kraft, C., Krainc, D., Kramer, H., Kravic-Stevovic, T., Krek, W., Kretz-Remy, C., Kretz-Remy, C., Kretz-Remy, C., Krick, R., Krishnamurthy, M., Kriston-Vizi, J., Kroemer, G., Kroemer, G., Kroemer, G., Kroemer, G., Kruer, M.C., Kruger, R., Ktistakis, N.T., Kuchitsu, K., Kuhn, C., Kumar, A.P., Kumar, A., Kumar, A., Kumar, D., Kumar, D., Kumar, R., Kumar, S., Kundu, M., Kung, H.-J., Kung, H.-J., Kuno, A., Kuo, S.-H., Kuret, J., Kurz, T., Kwok, T., Kwok, T., Kwon, T.K., Kwon, Y.T., Kyrmizi, I., La Spada, A.R., La Spada, A.R., Lafont, F., Lahm, T., Lakkaraju, A., Lam, T., Lamark, T., Lancel, S., Landowski, T.H., Lane, D.J.R., Lane, J.D., Lanzi, C., Lapaquette, P., Lapierre, L.R., Laporte, J., Laukkarinen, J., Laurie, G.W., Lavandero, S., Lavandero, S., Lavie, L., Lavoie, M.J., Law, B.Y.K., Law, H.K.-W., Law, K.B., Layfield, R., Lazo, P.A., Lazo, P.A., Le Cam, L., Le Cam, L., Le Cam, L., Le Roch, K.G., Le Stunff, H., Le Stunff, H., Leardkamolkarn, V., Lecuit, M., Lee, B.-H., Lee, C.-H., Lee, E.F., Lee, E.F., Lee, E.F., Lee, G.M., Lee, H.-J., Lee, H., Lee, J.K., Lee, J., Lee, J.-H., Lee, J.-H., Lee, J.H., Lee, M., Lee, M.-S., Lee, P.J., Lee, S.W., Lee, S.-J., Lee, S.-J., Lee, S.Y., Lee, S.H., Lee, S.S., Lee, S.S., Lee, S.-J., Lee, S., Lee, Y.-R., Lee, Y.J., Lee, Y.H., Leeuwenburgh, C., Lefort, S., Legouis, R., Lei, J., Lei, Q.-Y., Leib, D.A., Leibowitz, G., Lekli, I., Lemaire, S.D., Lemasters, J.J., Lemberg, M.K., Lemoine, A., Leng, S., Lenz, G., Lenzi, P., Lerman, L.O., Barbato, D.L., Leu, J.I.J., Leung, H.Y., Leung, H.Y., Levine, B., Levine, B., Lewis, P.A., Lewis, P.A., Lezoualch, F., Li, C., Li, F., Li, F.-J., Li, J., Li, K., Li, L., Li, M., Li, M., Li, Q., Li, R., Li, S., Li, W., Li, W., Li, X., Li, Y., Lian, J., Liang, C., Liang, Q., Liao, Y., Liberal, J., Liberski, P.P., Lie, P., Lieberman, A.P., Lim, H.J., Lim, K.-L., Lim, K.-L., Lim, K., Lima, R.T., Lima, R.T., Lima, R.T., Lin, C.-S., Lin, C.-S., Lin, C.-F., Lin, F., Lin, F., Lin, F.-C., Lin, K., Lin, K.-H., Lin, P.-H., Lin, T., Lin, W.-W., Lin, Y.-S., Lin, Y., Linden, R., Lindholm, D., Lindqvist, L.M., Lingor, P., Linkermann, A., Liotta, L.A., Lipinski, M.M., Lira, V.A., Lisanti, M.P., Liton, P.B., Liu, B., Liu, C., Liu, C.-F., Liu, F., Liu, H.-J., Liu, J., Liu, J.-J., Liu, J.-L., Liu, K., Liu, L., Liu, L., Liu, Q., Liu, R.-Y., Liu, S., Liu, S., Liu, W., Liu, X.-D., Liu, X., Liu, X.-H., Liu, X., Liu, X., Liu, X., Liu, X., Liu, X., Liu, Y., Liu, Y., Liu, Z., Liu, Z., Liuzzi, J.P., Lizard, G., Ljujic, M., Lodhi, I.J., Logue, S.E., Lokeshwar, B.L., Long, Y.C., Lonial, S., Loos, B., López-Otín, C., López-Vicario, C., Lorente, M., Lorenzi, P.L., Lorenzi, P.L., Lõrincz, P., Los, M., Lotze, M.T., Lovat, P.E., Lu, B., Lu, B., Lu, J., Lu, Q., Lu, S.-M., Lu, S., Lu, Y., Luciano, F., Luckhart, S., Lucocq, J.M., Ludovico, P., Ludovico, P., Lugea, A., Lukacs, N.W., Lum, J.J., Lum, J.J., Lum, J.J., Lund, A.H., Luo, H., Luo, J., Luo, S., Luparello, C., Lyons, T., Ma, J., Ma, Y., Ma, Y., Ma, Z., Machado, J., Machado-Santelli, G.M., Macian, F., MacIntosh, G.C., MacKeigan, J.P., Macleod, K.F., MacMicking, J.D., MacMillan-Crow, L.A., Madeo, F., Madesh, M., Madesh, M., Madrigal-Matute, J., Maeda, A., Maeda, T., Maegawa, G., Maellaro, E., Maes, H., Magariños, M., Maiese, K., Maiti, T.K., Maiuri, L., Maiuri, M.C., Maki, C.G., Malli, R., Malorni, W., Malorni, W., Maloyan, A., Mami-Chouaib, F., Man, N., Man, N., Mancias, J.D., Mandelkow, E.-M., Mandell, M.A., Manfredi, A.A., Manié, S.N., Manzoni, C., Manzoni, C., Mao, K., Mao, K., Mao, Z., Mao, Z.-W., Marambaud, P., Marconi, A.M., Marelja, Z., Marfe, G., Margeta, M., Margittai, E., Mari, M., Mariani, F.V., Marin, C., Marinelli, S., Mariño, G., Markovic, I., Marquez, R., Martelli, A.M., Martens, S., Martin, K.R., Martin, S.J., Martin, S., Martin-Acebes, M.A., Martín-Sanz, P., Martinand-Mari, C., Martinet, W., Martinez, J., Martinez-Lopez, N., Martinez-Outschoorn, U., Martínez-Velázquez, M., Martinez-Vicente, M., Martins, W.K., Martins, W.K., Mashima, H., Mastrianni, J.A., Matarese, G., Matarese, G., Matarrese, P., Mateo, R., Matoba, S., Matsumoto, N., Matsushita, T., Matsuura, A., Matsuzawa, T., Mattson, M.P., Matus, S., Matus, S., Matus, S., Maugeri, N., Mauvezin, C., Mayer, A., Maysinger, D., Mazzolini, G.D., McBrayer, M.K., McCall, K., McCormick, C., McInerney, G.M., McIver, S.C., McKenna, S., McMahon, J.J., McNeish, I.A., Mechta-Grigoriou, F., Medema, J.P., Medina, D.L., Megyeri, K., Mehrpour, M., Mehta, J.L., Mei, Y., Meier, U.-C., Meijer, A.J., Meléndez, A., Melino, G., Melino, G., Melino, S., de Melo, E.J.T., Mena, M.A., Meneghini, M.D., Menendez, J.A., Menezes, R., Menezes, R., Meng, L., Meng, L.-H., Meng, S., Menghini, R., Menko, A.S., Menna-Barreto, R.F.S., Menon, M.B., Meraz-Ríos, M.A., Merla, G., Merlini, L., Merlot, A.M., Meryk, A., Meschini, S., Meyer, J.N., Mi, M.-T., Miao, C.-Y., Micale, L., Michaeli, S., Michiels, C., Migliaccio, A.R., Mihailidou, A.S., Mihailidou, A.S., Mijaljica, D., Mikoshiba, K., Milan, E., Milan, E., Miller-Fleming, L., Mills, G.B., Mills, I.G., Mills, I.G., Mills, I.G., Minakaki, G., Minassian, B.A., Ming, X.-F., Minibayeva, F., Minina, E.A., Mintern, J.D., Minucci, S., Miranda-Vizuete, A., Mitchell, C.H., Miyamoto, S., Miyazawa, K., Mizushima, N., Mnich, K., Mograbi, B., Mohseni, S., Moita, L.F., Molinari, M., Molinari, M., Molinari, M., Møller, A.B., Mollereau, B., Mollinedo, F., Mongillo, M., Monick, M.M., Montagnaro, S., Montell, C., Montell, C., Moore, D.J., Moore, M.N., Mora-Rodriguez, R., Moreira, P.I., Morel, E., Morelli, M.B., Moreno, S., Morgan, M.J., Moris, A., Moriyasu, Y., Morrison, J.L., Morrison, L.A., Morselli, E., Moscat, J., Moseley, P.L., Mostowy, S., Motori, E., Mottet, D., Mottram, J.C., Moussa, C.E.-H., Mpakou, V.E., Mukhtar, H., Levy, J.M.M., Muller, S., Muñoz-Moreno, R., Muñoz-Pinedo, C., Münz, C., Murphy, M.E., Murray, J.T., Murthy, A., Mysorekar, I.U., Nabi, I.R., Nabissi, M., Nader, G.A., Nagahara, Y., Nagai, Y., Nagata, K., Nagelkerke, A., Nagy, P., Naidu, S.R., Nair, S., Nakano, H., Nakatogawa, H., Nanjundan, M., Napolitano, G., Naqvi, N.I., Nardacci, R., Narendra, D.P., Narita, M., Nascimbeni, A.C., Natarajan, R., Navegantes, L.C., Nawrocki, S.T., Nazarko, T.Y., Nazarko, V.Y., Neill, T., Neri, L.M., Netea, M.G., Netea-Maier, R.T., Neves, B.M., Ney, P.A., Nezis, I.P., Nguyen, H.T.T., Nguyen, H.P., Nicot, A.-S., Nilsen, H., Nilsen, H., Nilsson, P., Nilsson, P., Nishimura, M., Nishino, I., Niso-Santano, M., Niu, H., Nixon, R.A., Njar, V.C.O., Noda, T., Noegel, A.A., Nolte, E.M., Norberg, E., Norga, K.K., Noureini, S.K., Notomi, S., Notterpek, L., Nowikovsky, K., Nukina, N., Nürnberger, T., O'donnell, V.B., O'donovan, T., O'dwyer, P.J., Oehme, I., Oeste, C.L., Ogawa, M., Ogretmen, B., Ogura, Y., Oh, Y.J., Ohmuraya, M., Ohshima, T., Ojha, R., Okamoto, K., Okazaki, T., Oliver, F.J., Ollinger, K., Olsson, S., Orban, D.P., Orban, D.P., Ordonez, P., Orhon, I., Orosz, L., O'rourke, E.J., Orozco, H., Orozco, H., Ortega, A.L., Ortona, E., Osellame, L.D., Oshima, J., Oshima, S., Osiewacz, H.D., Otomo, T., Otsu, K., Ou, J.-H.J., Outeiro, T.F., Ouyang, D.-Y., Ouyang, H., Overholtzer, M., Ozbun, M.A., Ozdinler, P.H., Ozpolat, B., Pacelli, C., Paganetti, P., Page, G., Pages, G., Pagnini, U., Pajak, B., Pajak, B., Pak, S.C., Pakos-Zebrucka, K., Pakpour, N., Palková, Z., Palladino, F., Pallauf, K., Pallet, N., Palmieri, M., Paludan, S.R., Palumbo, C., Palumbo, S., Pampliega, O., Pan, H., Pan, W., Panaretakis, T., Pandey, A., Pandey, A., Pantazopoulou, A., Papackova, Z., Papademetrio, D.L., Papassideri, I., Papini, A., Parajuli, N., Pardo, J., Parekh, V.V., Parenti, G., Park, J.-I., Park, J., Park, O.K., Parker, R., Parlato, R., Parlato, R., Parys, J.B., Parzych, K.R., Parzych, K.R., Pasquet, J.-M., Pasquier, B., Pasumarthi, K.B.S., Patschan, D., Patterson, C., Pattingre, S., Pattingre, S., Pattison, S., Pause, A., Pavenstädt, H., Pavone, F., Pedrozo, Z., Peña, F.J., Peñalva, M.A., Pende, M., Peng, J., Penna, F., Penninger, J.M., Pensalfini, A., Pepe, S., Pereira, G.J.S., Pereira, P.C., de la Cruz, V.P., Pérez-Pérez, M.E., Pérez-Rodríguez, D., Pérez-Sala, D., Perier, C., Perl, A., Perlmutter, D.H., Perrotta, I., Pervaiz, S., Pervaiz, S., Pervaiz, S., Pesonen, M., Pessin, J.E., Peters, G.J., Petersen, M., Petrache, I., Petrof, B.J., Petrovski, G., Petrovski, G., Petrovski, G., Phang, J.M., Piacentini, M., Pierdominici, M., Pierre, P., Pierre, P., Pierre, P., Pierre, P., Pierrefite-Carle, V., Pietrocola, F., Pietrocola, F., Pietrocola, F., Pietrocola, F., Pimentel-Muiños, F.X., Pinar, M., Pineda, B., Pinkas-Kramarski, R., Pinti, M., Pinton, P., Piperdi, B., Piret, J.M., Platanias, L.C., Platanias, L.C., Platta, H.W., Plowey, E.D., Pöggeler, S., Poirot, M., Polčic, P., Poletti, A., Poon, A.H., Popelka, H., Popova, B., Poprawa, I., Poulose, S.M., Poulton, J., Powers, S.K., Powers, T., Pozuelo-Rubio, M., Prak, K., Prange, R., Prescott, M., Priault, M., Prince, S., Proia, R.L., Proikas-Cezanne, T., Prokisch, H., Promponas, V.J., Przyklenk, K., Puertollano, R., Pugazhenthi, S., Puglielli, L., Pujol, A., Pujol, A., Pujol, A., Puyal, J., Puyal, J., Pyeon, D., Qi, X., Qian, W.-B., Qin, Z.-H., Qiu, Y., Qu, Z., Quadrilatero, J., Quinn, F., Raben, N., Rabinowich, H., Radogna, F., Ragusa, M.J., Rahmani, M., Raina, K., Ramanadham, S., Ramesh, R., Rami, A., Randall-Demllo, S., Randow, F., Randow, F., Rao, H., Rao, V.A., Rasmussen, B.B., Rasse, T.M., Ratovitski, E.A., Rautou, P.-E., Rautou, P.-E., Rautou, P.-E., Rautou, P.-E., Ray, S.K., Razani, B., Razani, B., Reed, B.H., Reggiori, F., Rehm, M., Reichert, A.S., Rein, T., Reiner, D.J., Reits, E., Ren, J., Ren, X., Renna, M., Reusch, J.E.B., Reusch, J.E.B., Revuelta, J.L., Reyes, L., Rezaie, A.R., Richards, R.I., Richardson, R., Richetta, C., Riehle, M.A., Rihn, B.H., Rikihisa, Y., Riley, B.E., Rimbach, G., Rippo, M.R., Ritis, K., Rizzi, F., Rizzo, E., Roach, P.J., Robbins, J., Roberge, M., Roca, G., Roccheri, M.C., Rocha, S., Rodrigues, C.M.P., Rodríguez, C.I., de Cordoba, S.R., Rodriguez-Muela, N., Roelofs, J., Rogov, V.V., Rohn, T.T., Rohrer, B., Romanelli, D., Romani, L., Romano, P.S., Roncero, M.I.G., Rosa, J.L., Rosello, A., Rosen, K.V., Rosen, K.V., Rosenstiel, P., Rost-Roszkowska, M., Roth, K.A., Roué, G., Rouis, M., Rouschop, K.M., Ruan, D.T., Ruano, D., Rubinsztein, D.C., Rucker, E.B., Rudich, A., Rudolf, E., Rudolf, R., Ruegg, M.A., Ruiz-Roldan, C., Ruparelia, A.A., Rusmini, P., Russ, D.W., Russo, G.L., Russo, G., Russo, R., Rusten, T.E., Rusten, T.E., Ryabovol, V., Ryan, K.M., Ryter, S.W., Sabatini, D.M., Sacher, M., Sacher, M., Sachse, C., Sack, M.N., Sadoshima, J., Saftig, P., Sagi-Eisenberg, R., Sahni, S., Saikumar, P., Saito, T., Saitoh, T., Sakakura, K., Sakoh-Nakatogawa, M., Sakuraba, Y., Salazar-Roa, M., Salomoni, P., Saluja, A.K., Salvaterra, P.M., Salvioli, R., Samali, A., Sanchez, A.M.J., Sánchez-Alcázar, J.A., Sanchez-Prieto, R., Sandri, M., Sanjuan, M.A., Santaguida, S., Santambrogio, L., Santoni, G., Dos Santos, C.N., Dos Santos, C.N., Saran, S., Sardiello, M., Sargent, G., Sarkar, P., Sarkar, S., Sarrias, M.R., Sarwal, M.M., Sasakawa, C., Sasaki, M., Sass, M., Sato, K., Sato, M., Satriano, J., Savaraj, N., Saveljeva, S., Schaefer, L., Schaible, U.E., Scharl, M., Schatzl, H.M., Schekman, R., Scheper, W., Scheper, W., Scheper, W., Schiavi, A., Schiavi, A., Schipper, H.M., Schipper, H.M., Schmeisser, H., Schmidt, J., Schmitz, I., Schmitz, I., Schneider, B.E., Schneider, E.M., Schneider, J.L., Schon, E.A., Schönenberger, M.J., Schönthal, A.H., Schorderet, D.F., Schorderet, D.F., Schröder, B., Schuck, S., Schulze, R.J., Schwarten, M., Schwarz, T.L., Sciarretta, S., Sciarretta, S., Sciarretta, S., Scotto, K., Scovassi, A.I., Screaton, R.A., Screaton, R.A., Screen, M., Seca, H., Seca, H., Seca, H., Sedej, S., Segatori, L., Segatori, L., Segev, N., Seglen, P.O., Seguí-Simarro, J.M., Segura-Aguilar, J., Seiliez, I., Seki, E., Sell, C., Semenkovich, C.F., Semenza, G.L., Sen, U., Serra, A.L., Serrano-Puebla, A., Sesaki, H., Setoguchi, T., Settembre, C., Shacka, J.J., Shajahan-Haq, A.N., Shapiro, I.M., Sharma, S., She, H., Shen, C.-K.J., Shen, C.-C., Shen, H.-M., Shen, S., Shen, W., Sheng, R., Sheng, X., Sheng, Z.-H., Shepherd, T.G., Shi, J., Shi, J., Shi, Q., Shi, Q., Shi, Y., Shibutani, S., Shibuya, K., Shidoji, Y., Shieh, J.-J., Shih, C.-M., Shimada, Y., Shimizu, S., Shin, D.W., Shinohara, M.L., Shintani, M., Shintani, T., Shioi, T., Shirabe, K., Shiri-Sverdlov, R., Shirihai, O., Shore, G.C., Shu, C.-W., Shukla, D., Sibirny, A.A., Sibirny, A.A., Sica, V., Sica, V., Sica, V., Sica, V., Sigurdson, C.J., Sigurdsson, E.M., Sijwali, P.S., Sikorska, B., Silveira, W.A., Silvente-Poirot, S., Silverman, G.A., Simak, J., Simmet, T., Simon, A.K., Simon, H.-U., Simone, C., Simons, M., Simonsen, A., Singh, R., Singh, S.V., Singh, S.K., Sinha, D., Sinha, S., Sinicrope, F.A., Sirko, A., Sirohi, K., Sishi, B.J.N., Sittler, A., Siu, P.M., Sivridis, E., Skwarska, A., Slack, R., Slaninová, I., Slavov, N., Smaili, S.S., Smalley, K.S.M., Smith, D.R., Soenen, S.J., Soleimanpour, S.A., Solhaug, A., Somasundaram, K., Son, J.H., Sonawane, A., Song, C., Song, F., Song, H.K., Song, J.-X., Song, W., Soo, K.Y., Sood, A.K., Sood, A.K., Soong, T.W., Soontornniyomkij, V., Sorice, M., Sotgia, F., Soto-Pantoja, D.R., Sotthibundhu, A., Sousa, M.J., Spaink, H.P., Span, P.N., Spang, A., Sparks, J.D., Speck, P.G., Spector, S.A., Spies, C.D., Springer, W., Clair, D.S., Stacchiotti, A., Staels, B., Stang, M.T., Starczynowski, D.T., Starokadomskyy, P., Steegborn, C., Steele, J.W., Stefanis, L., Steffan, J., Stellrecht, C.M., Stenmark, H., Stepkowski, T.M., Stern, S.T., Stevens, C., Stockwell, B.R., Stockwell, B.R., Stoka, V., Storchova, Z., Stork, B., Stratoulias, V., Stravopodis, D.J., Stravopodis, D.J., Strnad, P., Strohecker, A.M., Ström, A.-L., Stromhaug, P., Stulik, J., Su, Y.-X., Su, Z., Subauste, C.S., Subramaniam, S., Sue, C.M., Suh, S.W., Sui, X., Sukseree, S., Sulzer, D., Sun, F.-L., Sun, J., Sun, J., Sun, S.-Y., Sun, Y., Sun, Y., Sun, Y., Sundaramoorthy, V., Sung, J., Suzuki, H., Suzuki, K., Suzuki, N., Suzuki, T., Suzuki, Y.J., Swanson, M.S., Swanton, C., Swärd, K., Swarup, G., Sweeney, S.T., Sylvester, P.W., Szatmari, Z., Szegezdi, E., Szlosarek, P.W., Taegtmeyer, H., Tafani, M., Taillebourg, E., Tait, S.W.G., Takacs-Vellai, K., Takahashi, Y., Takáts, S., Takemura, G., Takigawa, N., Talbot, N.J., Tamagno, E., Tamburini, J., Tan, C.-P., Tan, L., Tan, M.L., Tan, M.L., Tan, M., Tan, Y.-J., Tan, Y.-J., Tanaka, K., Tanaka, M., Tang, D., Tang, D., Tang, G., Tanida, I., Tanji, K., Tannous, B.A., Tapia, J.A., Tasset-Cuevas, I., Tatar, M., Tavassoly, I., Tavernarakis, N., Tavernarakis, N., Tavernarakis, N., Taylor, A., Taylor, G.S., Taylor, G.A., Taylor, G.A., Taylor, G.A., Taylor, G.A., Taylor, J.P., Taylor, M.J., Tchetina, E.V., Tee, A.R., Teixeira-Clerc, F., Teixeira-Clerc, F., Telang, S., Tencomnao, T., Teng, B.-B., Teng, R.-J., Terro, F., Tettamanti, G., Theiss, A.L., Theron, A.E., Thomas, K.J., Thomé, M.P., Thomes, P.G., Thorburn, A., Thorner, J., Thum, T., Thumm, M., Thurston, T.L.M., Tian, L., Till, A., Till, A., Ting, J.P.-Y., Ting, J.P.Y., Titorenko, V.I., Toker, L., Toldo, S., Tooze, S.A., Topisirovic, I., Topisirovic, I., Torgersen, M.L., Torgersen, M.L., Torgersen, M.L., Torosantucci, L., Torriglia, A., Torrisi, M.R., Tournier, C., Towns, R., Trajkovic, V., Travassos, L.H., Triola, G., Tripathi, D.N., Trisciuoglio, D., Troncoso, R., Troncoso, R., Trougakos, I.P., Truttmann, A.C., Tsai, K.-J., Tschan, M.P., Tseng, Y.-H., Tsukuba, T., Tsung, A., Tsvetkov, A.S., Tu, S., Tuan, H.-Y., Tucci, M., Tumbarello, D.A., Turk, B., Turk, V., Turner, R.F.B., Tveita, A.A., Tyagi, S.C., Ubukata, M., Uchiyama, Y., Udelnow, A., Ueno, T., Umekawa, M., Umemiya-Shirafuji, R., Underwood, B.R., Ungermann, C., Ureshino, R.P., Ushioda, R., Uversky, V.N., Uzcátegui, N.L., Vaccari, T., Vaccaro, M.I., Váchová, L., Vakifahmetoglu-Norberg, H., Valdor, R., Valente, E.M., Vallette, F., Valverde, A.M., Van den Berghe, G., Van Den Bosch, L., van den Brink, G.R., van der Goot, F.G., van der Klei, I.J., van der Laan, L.J.W., van Doorn, W.G., van Egmond, M., van Golen, K.L., van Golen, K.L., van Golen, K.L., Van Kaer, L., Campagne, M.L., Vandenabeele, P., Vandenberghe, W., Vandenberghe, W., Vanhorebeek, I., Varela-Nieto, I., Vasconcelos, M.H., Vasconcelos, M.H., Vasconcelos, M.H., Vasko, R., Vavvas, D.G., Vega-Naredo, I., Velasco, G., Velentzas, A.D., Velentzas, P.D., Vellai, T., Vellenga, E., Vendelbo, M.H., Venkatachalam, K., Ventura, N., Ventura, N., Ventura, S., Veras, P.S.T., Verdier, M., Vertessy, B.G., Viale, A., Vidal, M., Vieira, H.L.A., Vierstra, R.D., Vigneswaran, N., Vij, N., Vila, M., Vila, M., Vila, M., Villar, M., Villar, V.H., Villarroya, J., Vindis, C., Viola, G., Viscomi, M.T., Vitale, G., Vogl, D.T., Voitsekhovskaja, O.V., von Haefen, C., von Schwarzenberg, K., Voth, D.E., Vouret-Craviari, V., Vuori, K., Vyas, J.M., Waeber, C., Walker, C.L., Walker, M.J., Walter, J., Wan, L., Wan, L., Wan, X., Wang, B., Wang, C., Wang, C.-Y., Wang, C., Wang, C., Wang, C., Wang, D., Wang, F., Wang, F., Wang, G., Wang, H.-J., Wang, H., Wang, H.-G., Wang, H., Wang, H.-D., Wang, J., Wang, J., Wang, M., Wang, M.-Q., Wang, P.-Y., Wang, P., Wang, R.C., Wang, S., Wang, T.-F., Wang, X., Wang, X.-J., Wang, X.-W., Wang, X., Wang, X., Wang, Y., Wang, Y., Wang, Y., Wang, Y.-J., Wang, Y., Wang, Y., Wang, Y.T., Wang, Y., Wang, Z.-N., Wappner, P., Ward, C., Ward, D.M.V., Warnes, G., Watada, H., Watanabe, Y., Watase, K., Weaver, T.E., Weekes, C.D., Wei, J., Weide, T., Weihl, C.C., Weindl, G., Weis, S.N., Wen, L., Wen, X., Wen, X., Wen, Y., Wen, Y., Westermann, B., Weyand, C.M., White, A.R., White, E., Whitton, J.L., Whitworth, A.J., Wiels, J., Wild, F., Wildenberg, M.E., Wileman, T., Wilkinson, D.S., Wilkinson, S., Willbold, D., Willbold, D., Williams, C., Williams, C., Williams, K., Williamson, P.R., Winklhofer, K.F., Witkin, S.S., Wohlgemuth, S.E., Wollert, T., Wolvetang, E.J., Wong, E., Wong, G.W., Wong, R.W., Wong, V.K.W., Woodcock, E.A., Wright, K.L., Wu, C., Wu, D., Wu, G.S., Wu, J., Wu, J., Wu, M., Wu, M., Wu, S., Wu, W.K.K., Wu, Y., Wu, Z., Xavier, C.P.R., Xavier, C.P.R., Xavier, R.J., Xia, G.-X., Xia, T., Xia, W., Xia, W., Xia, Y., Xiao, H., Xiao, J., Xiao, S., Xiao, W., Xie, C.-M., Xie, Z., Xie, Z., Xilouri, M., Xiong, Y., Xu, C., Xu, C., Xu, F., Xu, H., Xu, H., Xu, J., Xu, J., Xu, J., Xu, J., Xu, L., Xu, X., Xu, Y., Xu, Y., Xu, Z.-X., Xu, Z., Xu, Z., Xue, Y., Yamada, T., Yamamoto, A., Yamanaka, K., Yamashina, S., Yamashiro, S., Yan, B., Yan, B., Yan, X., Yan, Z., Yanagi, Y., Yang, D.-S., Yang, J.-M., Yang, L., Yang, M., Yang, P.-M., Yang, P., Yang, Q., Yang, W., Yang, W.Y., Yang, X., Yang, Y., Yang, Y., Yang, Z., Yang, Z., Yao, M.-C., Yao, P.J., Yao, X., Yao, Z., Yao, Z., Yao, Z., Yasui, L.S., Ye, M., Yedvobnick, B., Yeganeh, B., Yeh, E.S., Yeyati, P.L., Yi, F., Yi, L., Yin, X.-M., Yip, C.K., Yoo, Y.-M., Yoo, Y.H., Yoon, S.-Y., Yoshida, K.-I., Yoshimori, T., Young, K.H., Yu, H., Yu, J.J., Yu, J.-T., Yu, J., Yu, L., Yu, W.H., Yu, X.-F., Yu, Z., Yuan, J., Yuan, Z.-M., Yue, B.Y.J.T., Yue, J., Yue, Z., Zacks, D.N., Zacksenhaus, E., Zaffaroni, N., Zaglia, T., Zakeri, Z., Zecchini, V., Zeng, J., Zeng, M., Zeng, Q., Zervos, A.S., Zhang, D.D., Zhang, F., Zhang, G., Zhang, G.-C., Zhang, H., Zhang, H., Zhang, H., Zhang, H., Zhang, H., Zhang, J., Zhang, J., Zhang, J., Zhang, J., Zhang, J.-P., Zhang, L., Zhang, L., Zhang, L., Zhang, L., Zhang, L., Zhang, M.-Y., Zhang, X., Zhang, X.D., Zhang, Y., Zhang, Y., Zhang, Y., Zhang, Y., Zhang, Y., Zhang, Y., Zhao, M., Zhao, W.-L., Zhao, W.-L., Zhao, W.-L., Zhao, X., Zhao, Y.G., Zhao, Y., Zhao, Y., Zhao, Y.-X., Zhao, Z., Zhao, Z.J., Zheng, D., Zheng, X.-L., Zheng, X., Zhivotovsky, B., Zhivotovsky, B., Zhong, Q., Zhong, Q., Zhou, G.-Z., Zhou, G., Zhou, H., Zhou, S.-F., Zhou, X.-J., Zhou, X.-J., Zhou, X.-J., Zhu, H., Zhu, H., Zhu, W.-G., Zhu, W., Zhu, X.-F., Zhu, Y., Zhuang, S.-M., Zhuang, X., Ziparo, E., Zois, C.E., Zoladek, T., Zong, W.-X., Zorzano, A., Zorzano, A., Zorzano, A., Zughaier, S.M.","Guidelines for the use and interpretation of assays for monitoring autophagy (3rd edition)",2016,"Autophagy","12","1",,"1","222",,318,10.1080/15548627.2015.1100356,"https://www.scopus.com/inward/record.uri?eid=2-s2.0-85013763791&doi=10.1080%2f15548627.2015.1100356&partnerID=40&md5=c7b9c89e5113f0c72d642ba75e5097c9",Editorial,Scopus,2-s2.0-85013763791
"Kanobe, C., McCarville, M.T., O'Neal, M.E., Tylka, G.L., MacIntosh, G.C.","Soybean aphid infestation induces changes in fatty acid metabolism in soybean",2015,"PLoS ONE","10","12", e0145660,"","",,1,10.1371/journal.pone.0145660,"https://www.scopus.com/inward/record.uri?eid=2-s2.0-84958191046&doi=10.1371%2fjournal.pone.0145660&partnerID=40&md5=43b4314712f4514de3aab796ddbf337b",Article,Scopus,2-s2.0-84958191046
"Rojas, H., Floyd, B., Morriss, S.C., Bassham, D., MacIntosh, G.C., Goldraij, A.","NnSR1, A class III non-S-RNase specifically induced in Nicotiana alata under phosphate deficiency, Is localized in endoplasmic reticulum compartments",2015,"Plant Science","236",,,"250","259",,1,10.1016/j.plantsci.2015.04.012,"https://www.scopus.com/inward/record.uri?eid=2-s2.0-84928963385&doi=10.1016%2fj.plantsci.2015.04.012&partnerID=40&md5=de0b16e5c545ef55e1a4789607786801",Article,Scopus,2-s2.0-84928963385
"Klein, A.T., Yagnik, G.B., Hohenstein, J.D., Ji, Z., Zi, J., Reichert, M.D., Macintosh, G.C., Yang, B., Peters, R.J., Vela, J., Lee, Y.J.","Investigation of the chemical interface in the soybean-aphid and rice-bacteria interactions using maldi-mass spectrometry imaging",2015,"Analytical Chemistry","87","10",,"5294","5301",,11,10.1021/acs.analchem.5b00459,"https://www.scopus.com/inward/record.uri?eid=2-s2.0-84929573766&doi=10.1021%2facs.analchem.5b00459&partnerID=40&md5=ec89a19a8c912a27efdedaae3970469a",Article,Scopus,2-s2.0-84929573766
"Floyd, B.E., Morriss, S.C., MacIntosh, G.C., Bassham, D.C.","Evidence for autophagy-dependent pathways of rRNA turnover in Arabidopsis",2015,"Autophagy","11","12",,"2199","2212",,8,10.1080/15548627.2015.1106664,"https://www.scopus.com/inward/record.uri?eid=2-s2.0-84964267365&doi=10.1080%2f15548627.2015.1106664&partnerID=40&md5=bf78e0b4cd7a4acf7beb9eac24383980",Article,Scopus,2-s2.0-84964267365
"Ambrosio, L., Morriss, S., Riaz, A., Bailey, R., Ding, J., MacIntosh, G.C.","Phylogenetic analyses and characterization of RNase X25 from Drosophila melanogaster suggest a conserved housekeeping role and additional functions for RNase T2 enzymes in protostomes",2014,"PLoS ONE","9","8", e105444,"","",,4,10.1371/journal.pone.0105444,"https://www.scopus.com/inward/record.uri?eid=2-s2.0-84940246810&doi=10.1371%2fjournal.pone.0105444&partnerID=40&md5=5e304c2ccb724cb471b25bfd3fbfd348",Article,Scopus,2-s2.0-84940246810
"Hesler, L.S., Chiozza, M.V., O'Neal, M.E., MacIntosh, G.C., Tilmon, K.J., Chandrasena, D.I., Tinsley, N.A., Cianzio, S.R., Costamagna, A.C., Cullen, E.M., Difonzo, C.D., Potter, B.D., Ragsdale, D.W., Steffey, K., Koehler, K.J.","Performance and prospects of Rag genes for management of soybean aphid",2013,"Entomologia Experimentalis et Applicata","147","3",,"201","216",,30,10.1111/eea.12073,"https://www.scopus.com/inward/record.uri?eid=2-s2.0-84878361309&doi=10.1111%2feea.12073&partnerID=40&md5=f417fe9298eb381c0c0933efd667e00e",Short Survey,Scopus,2-s2.0-84878361309
"Studham, M.E., MacIntosh, G.C.","Multiple phytohormone signals control the transcriptional response to soybean aphid infestation in susceptible and resistant soybean plants",2013,"Molecular Plant-Microbe Interactions","26","1",,"116","129",,26,10.1094/MPMI-05-12-0124-FI,"https://www.scopus.com/inward/record.uri?eid=2-s2.0-84871006679&doi=10.1094%2fMPMI-05-12-0124-FI&partnerID=40&md5=acefd071e32beecedaeff4c2a840d45d",Article,Scopus,2-s2.0-84871006679
"McCarville, M.T., Kanobe, C., O'Neal, M.E., MacIntosh, G.C., Tylka, G.L.","Effects of an insect-nematode-fungus pest complex on grain yield and composition of specialty low linolenic acid soybean",2012,"Crop Protection","42",,,"210","216",,2,10.1016/j.cropro.2012.05.022,"https://www.scopus.com/inward/record.uri?eid=2-s2.0-84867207472&doi=10.1016%2fj.cropro.2012.05.022&partnerID=40&md5=cc2070656f83e4ffde5f38ca5e19e4a1",Article,Scopus,2-s2.0-84867207472
"Floyd, B.E., Morriss, S.C., Macintosh, G.C., Bassham, D.C.","What to Eat: Evidence for Selective Autophagy in Plants",2012,"Journal of Integrative Plant Biology","54","11",,"907","920",,35,10.1111/j.1744-7909.2012.01178.x,"https://www.scopus.com/inward/record.uri?eid=2-s2.0-84869224000&doi=10.1111%2fj.1744-7909.2012.01178.x&partnerID=40&md5=bfff96ad40d9bd0ab108b46255803d69",Review,Scopus,2-s2.0-84869224000
"Studham, M.E., MacIntosh, G.C.","Phytohormone signaling pathway analysis method for comparing hormone responses in plant-pest interactions",2012,"BMC Research Notes","5",, 392,"","",,6,10.1186/1756-0500-5-392,"https://www.scopus.com/inward/record.uri?eid=2-s2.0-84864375386&doi=10.1186%2f1756-0500-5-392&partnerID=40&md5=26a287bf016b1d4659482071c0172495",Article,Scopus,2-s2.0-84864375386
"Mccarville, M.T., O'Neal, M., Tylka, G.L., Kanobe, C., Macintosh, G.C.","A nematode, fungus, and aphid interact via a shared host plant: Implications for soybean management",2012,"Entomologia Experimentalis et Applicata","143","1",,"55","66",,9,10.1111/j.1570-7458.2012.01227.x,"https://www.scopus.com/inward/record.uri?eid=2-s2.0-84857688934&doi=10.1111%2fj.1570-7458.2012.01227.x&partnerID=40&md5=c37055137f3bd843dbe01df32faf5afb",Article,Scopus,2-s2.0-84857688934
"McCarville, M.T., Kanobe, C., Macintosh, G.C., O'Neal, M.","What is the economic threshold of soybean aphids (Hemiptera: Aphididae) in enemy-free space?",2011,"Journal of Economic Entomology","104","3",,"845","852",,5,10.1603/EC10404,"https://www.scopus.com/inward/record.uri?eid=2-s2.0-79960347216&doi=10.1603%2fEC10404&partnerID=40&md5=2c2fb6ed5860df4ef78495aa0e4e9f8a",Article,Scopus,2-s2.0-79960347216
"Hillwig, M.S., Kanobe, C., Thornburg, R.W., MacIntosh, G.C.","Identification of S-RNase and peroxidase in petunia nectar",2011,"Journal of Plant Physiology","168","7",,"734","738",,17,10.1016/j.jplph.2010.10.002,"https://www.scopus.com/inward/record.uri?eid=2-s2.0-79952629485&doi=10.1016%2fj.jplph.2010.10.002&partnerID=40&md5=ddada8b89a9b3bf3766809e8b8f50ab0",Article,Scopus,2-s2.0-79952629485
"MacIntosh, G.C., Bassham, D.C.","The connection between ribophagy, autophagy and ribosomal RNA decay",2011,"Autophagy","7","6",,"662","663",,17,10.4161/auto.7.6.15447,"https://www.scopus.com/inward/record.uri?eid=2-s2.0-79957880149&doi=10.4161%2fauto.7.6.15447&partnerID=40&md5=a197948fa67f9c466d5b9d96d8273de8",Short Survey,Scopus,2-s2.0-79957880149
"Hillwig, M.S., Liu, X., Liu, G., Thornburg, R.W., MacIntosh, G.C.","Petunia nectar proteins have ribonuclease activity",2010,"Journal of Experimental Botany","61","11",,"2951","2965",,19,10.1093/jxb/erq119,"https://www.scopus.com/inward/record.uri?eid=2-s2.0-77954695618&doi=10.1093%2fjxb%2ferq119&partnerID=40&md5=fb01bb7fab256c973c3e546f022df5cc",Article,Scopus,2-s2.0-77954695618
"Chiozza, M.V., O'Neal, M.E., MacIntosh, G.C.","Constitutive and induced differential accumulation of amino acid in leaves of susceptible and resistant soybean plants in response to the soybean aphid (Hemiptera: Aphididae)",2010,"Environmental Entomology","39","3",,"856","864",,38,10.1603/EN09338,"https://www.scopus.com/inward/record.uri?eid=2-s2.0-77953164573&doi=10.1603%2fEN09338&partnerID=40&md5=4228f12aac9ea1cbc49bf84848d44a68",Article,Scopus,2-s2.0-77953164573
"MacIntosh, G.C., Hillwig, M.S., Meyer, A., Flagel, L.","RNase T2 genes from rice and the evolution of secretory ribonucleases in plants",2010,"Molecular Genetics and Genomics","283","4",,"381","396",,34,10.1007/s00438-010-0524-9,"https://www.scopus.com/inward/record.uri?eid=2-s2.0-77949883939&doi=10.1007%2fs00438-010-0524-9&partnerID=40&md5=7fa35e243762ffd0fcb82a036f44b599",Article,Scopus,2-s2.0-77949883939
"Hillwig, M.S., Rizhsky, L., Wang, Y., Umanskaya, A., Essner, J.J., MacIntosh, G.C.","Zebrafish RNase T2 genes and the evolution of secretory ribonucleases in animals",2009,"BMC Evolutionary Biology","9","1", 170,"","",,16,10.1186/1471-2148-9-170,"https://www.scopus.com/inward/record.uri?eid=2-s2.0-68249100231&doi=10.1186%2f1471-2148-9-170&partnerID=40&md5=780edad5548a9f2c4ed1a9a01ab7897e",Article,Scopus,2-s2.0-68249100231
"Hillwig, M.S., LeBrasseur, N.D., Green, P.J., MacIntosh, G.C.","Impact of transcriptional, ABA-dependent, and ABA-independent pathways on wounding regulation of RNS1 expression",2008,"Molecular Genetics and Genomics","280","3",,"249","261",,18,10.1007/s00438-008-0360-3,"https://www.scopus.com/inward/record.uri?eid=2-s2.0-49749100048&doi=10.1007%2fs00438-008-0360-3&partnerID=40&md5=863cc8b11e5208b8ea382251a6531c21",Article,Scopus,2-s2.0-49749100048
"Raíces, M., Ulloa, R.M., MacIntosh, G.C., Crespi, M., Téllez-Iñón, M.T.","StCDPK1 is expressed in potato stolon tips and is induced by high sucrose concentration",2003,"Journal of Experimental Botany","54","392",,"2589","2591",,27,10.1093/jxb/erg282,"https://www.scopus.com/inward/record.uri?eid=2-s2.0-0242459564&doi=10.1093%2fjxb%2ferg282&partnerID=40&md5=1b407926ab413820061d155e378627ed",Article,Scopus,2-s2.0-0242459564
"Raíces, M., MacIntosh, G.C., Ulloa, R.M., Gargantini, P.R., Vozza, N.F., Téllez-Inón, M.T.","Sucrose increases calcium-dependent protein kinase and phosphatase activities in potato plants.",2003,"Cellular and molecular biology (Noisy-le-Grand, France)","49","6",,"959","964",,11,,"https://www.scopus.com/inward/record.uri?eid=2-s2.0-4544328204&partnerID=40&md5=8688371333087cd82533aa17e4ffece1",Article,Scopus,2-s2.0-4544328204
"Ulloa, R.M., Raíces, M., MacIntosh, G.C., Maldonado, S., Téllez-Iñón, M.T.","Jasmonic acid affects plant morphology and calcium-dependent protein kinase expression and activity in solanum tuberosum",2002,"Physiologia Plantarum","115","3",,"417","427",,31,10.1034/j.1399-3054.2002.1150312.x,"https://www.scopus.com/inward/record.uri?eid=2-s2.0-0036061777&doi=10.1034%2fj.1399-3054.2002.1150312.x&partnerID=40&md5=7cf0e77713e02d2bf12e261fd4b4607f",Article,Scopus,2-s2.0-0036061777
"LeBrasseur, N.D., MacIntosh, G.C., Pérez-Amador, M.A., Saitoh, M., Green, P.J.","Local and systemic wound-induction of RNase and nuclease activities in Arabidopsis: RNS1 as a marker for a JA-independent systemic signaling pathway",2002,"Plant Journal","29","4",,"393","403",,54,10.1046/j.1365-313x.2002.01223.x,"https://www.scopus.com/inward/record.uri?eid=2-s2.0-0036008974&doi=10.1046%2fj.1365-313x.2002.01223.x&partnerID=40&md5=d7399f68742d7fd49027229fe9133eac",Article,Scopus,2-s2.0-0036008974
"MacIntosh, G.C., Wilkerson, C., Green, P.J.","Identification and analysis of Arabidopsis expressed sequence tags characteristic of non-coding RNAs",2001,"Plant Physiology","127","3",,"765","776",,71,10.1104/pp.127.3.765,"https://www.scopus.com/inward/record.uri?eid=2-s2.0-0035198739&doi=10.1104%2fpp.127.3.765&partnerID=40&md5=c801daddb61e7b6b4d328143ab51a35d",Article,Scopus,2-s2.0-0035198739
"MacIntosh, G.C., Bariola, P.A., Newbigin, E., Green, P.J.","Characterization of Rny1, the Saccharomyces cerevisiae member of the T2 RNase family of RNases: Unexpected functions for ancient enzymes?",2001,"Proceedings of the National Academy of Sciences of the United States of America","98","3",,"1018","1023",,45,10.1073/pnas.98.3.1018,"https://www.scopus.com/inward/record.uri?eid=2-s2.0-0035970060&doi=10.1073%2fpnas.98.3.1018&partnerID=40&md5=80fbf0e8982bf30ee1468c303537c59c",Article,Scopus,2-s2.0-0035970060
"Gutiérrez, R.A., MacIntosh, G.C., Green, P.J.","Current perspectives on mRNA stability in plants: Multiple levels and mechanisms of control",1999,"Trends in Plant Science","4","11",,"429","438",,94,10.1016/S1360-1385(99)01484-3,"https://www.scopus.com/inward/record.uri?eid=2-s2.0-0345411693&doi=10.1016%2fS1360-1385%2899%2901484-3&partnerID=40&md5=f7cbca86126b4b3d8ee52190579311b8",Review,Scopus,2-s2.0-0345411693
"Bariola, P.A., MacIntosh, G.C., Green, P.J.","Regulation of S-like ribonuclease levels in Arabidopsis. Antisense inhibition of RNS1 or RNS2 elevates anthocyanin accumulation",1999,"Plant Physiology","119","1",,"331","342",,81,,"https://www.scopus.com/inward/record.uri?eid=2-s2.0-0032858706&partnerID=40&md5=d19fdecc493b08dcf7139bf0858943a6",Article,Scopus,2-s2.0-0032858706
"Ogueta, S.B., Macintosh, G.C., Téllez-Iñon, M.T.","Stage-specific substrate phosphorylation by a Ca2+/calmodulin-dependent protein kinase in Trypanosoma cruzi",1998,"Journal of Eukaryotic Microbiology","45","4",,"392","396",,11,,"https://www.scopus.com/inward/record.uri?eid=2-s2.0-0032127976&partnerID=40&md5=8c5c7520b3a5d03bf85fb45e66047a16",Article,Scopus,2-s2.0-0032127976
"MacIntosh, G.C., Ulloa, R.M., Raíces, M., Téllez-Iñón, M.T.","Changes in calcium-dependent protein kinase activity during in vitro tuberization in potato",1996,"Plant Physiology","112","4",,"1541","1550",,44,,"https://www.scopus.com/inward/record.uri?eid=2-s2.0-0030478244&partnerID=40&md5=2b8e2ab38aac2ce768180785aa5eb934",Article,Scopus,2-s2.0-0030478244
