Authors,Title,Year,Source title,Volume,Issue,Art. No.,Page start,Page end,Page count,Cited by,DOI,Link,Document Type,Source,EID
"Bassham, D.C., MacIntosh, G.C.","Degradation of cytosolic ribosomes by autophagy-related pathways",2017,"Plant Science","262",,,"169","174",,,10.1016/j.plantsci.2017.05.008,"https://www.scopus.com/inward/record.uri?eid=2-s2.0-85019848071&doi=10.1016%2fj.plantsci.2017.05.008&partnerID=40&md5=2dca16c4dfc73c1f055d47741d6bb6db",Review,Scopus,2-s2.0-85019848071
"Soto-Burgos, J., Bassham, D.C.","SnRK1 activates autophagy via the TOR signaling pathway in Arabidopsis thaliana",2017,"PLoS ONE","12","8", e0182591,"","",,,10.1371/journal.pone.0182591,"https://www.scopus.com/inward/record.uri?eid=2-s2.0-85026815056&doi=10.1371%2fjournal.pone.0182591&partnerID=40&md5=71b4dd79fbf9482ed8b14a8c5b8cf5aa",Article,Scopus,2-s2.0-85026815056
"Pu, Y., Luo, X., Bassham, D.C.","Tor-dependent and -independent pathways regulate autophagy in arabidopsis thaliana",2017,"Frontiers in Plant Science","8",, 1204,"","",,1,10.3389/fpls.2017.01204,"https://www.scopus.com/inward/record.uri?eid=2-s2.0-85026465801&doi=10.3389%2ffpls.2017.01204&partnerID=40&md5=2a6887b41edcaa687dda2053d5ecd226",Article,Scopus,2-s2.0-85026465801
"Roy, R., Bassham, D.C.","TNO1, a TGN-localized SNARE-interacting protein, modulates root skewing in Arabidopsis thaliana",2017,"BMC Plant Biology","17","1", 73,"","",,,10.1186/s12870-017-1024-4,"https://www.scopus.com/inward/record.uri?eid=2-s2.0-85018625541&doi=10.1186%2fs12870-017-1024-4&partnerID=40&md5=23c4c8beb6aa5641059a611c2ac6b78a",Article,Scopus,2-s2.0-85018625541
"Nolan, T.M., Brennan, B., Yang, M., Chen, J., Zhang, M., Li, Z., Wang, X., Bassham, D.C., Walley, J., Yin, Y.","Selective Autophagy of BES1 Mediated by DSK2 Balances Plant Growth and Survival",2017,"Developmental Cell","41","1",,"33","46.e7",,3,10.1016/j.devcel.2017.03.013,"https://www.scopus.com/inward/record.uri?eid=2-s2.0-85017371797&doi=10.1016%2fj.devcel.2017.03.013&partnerID=40&md5=cb49f18c0f130ccd71b488b8f32594d5",Article,Scopus,2-s2.0-85017371797
"Floyd, B.E., Mugume, Y., Morriss, S.C., MacIntosh, G.C., Bassham, D.C.","Localization of RNS2 ribonuclease to the vacuole is required for its role in cellular homeostasis",2017,"Planta","245","4",,"779","792",,1,10.1007/s00425-016-2644-x,"https://www.scopus.com/inward/record.uri?eid=2-s2.0-85007154865&doi=10.1007%2fs00425-016-2644-x&partnerID=40&md5=3e16c193db7c2c8419f50a32dc004dd0",Article,Scopus,2-s2.0-85007154865
"Zhuang, X., Chung, K.P., Cui, Y., Lin, W., Gao, C., Kang, B.-H., Jiang, L., Bassham, D.C.","ATG9 regulates autophagosome progression from the endoplasmic reticulum in Arabidopsis",2017,"Proceedings of the National Academy of Sciences of the United States of America","114","3",,"E426","E435",,2,10.1073/pnas.1616299114,"https://www.scopus.com/inward/record.uri?eid=2-s2.0-85009774811&doi=10.1073%2fpnas.1616299114&partnerID=40&md5=16b54a3f415685049c7cb769631da517",Conference Paper,Scopus,2-s2.0-85009774811
"Bao, Y., Mugume, Y., Bassham, D.C.","Biochemical Methods to Monitor Autophagic Responses in Plants",2017,"Methods in Enzymology","588",,,"497","513",,,10.1016/bs.mie.2016.09.090,"https://www.scopus.com/inward/record.uri?eid=2-s2.0-85006783228&doi=10.1016%2fbs.mie.2016.09.090&partnerID=40&md5=22c29e9ea9646bc2125d9993e296dfec",Book Chapter,Scopus,2-s2.0-85006783228
"Wang, P., Mugume, Y., Bassham, D.C.","New advances in autophagy in plants: Regulation, selectivity and function",2017,"Seminars in Cell and Developmental Biology",,,,"","",,,10.1016/j.semcdb.2017.07.018,"https://www.scopus.com/inward/record.uri?eid=2-s2.0-85026252193&doi=10.1016%2fj.semcdb.2017.07.018&partnerID=40&md5=c6e404fb9a74960b6e97d9c5aabbad52",Article in Press,Scopus,2-s2.0-85026252193
"Klionsky, D.J., Klionsky, D.J., Abdelmohsen, K., Abe, A., Abedin, M.J., Abeliovich, H., Arozena, A.A., Adachi, H., Adams, C.M., Adams, P.D., Adeli, K., Adhihetty, P.J., Adler, S.G., Agam, G., Agarwal, R., Aghi, M.K., Agnello, M., Agostinis, P., Aguilar, P.V., Aguirre-Ghiso, J., Aguirre-Ghiso, J., Airoldi, E.M., Airoldi, E.M., Ait-Si-Ali, S., Akematsu, T., Akporiaye, E.T., Al-Rubeai, M., Albaiceta, G.M., Albanese, C., Albani, D., Albert, M.L., Aldudo, J., Algül, H., Alirezaei, M., Alloza, I., Alloza, I., Almasan, A., Almonte-Beceril, M., Alnemri, E.S., Alonso, C., Altan-Bonnet, N., Altieri, D.C., Alvarez, S., Alvarez-Erviti, L., Alves, S., Amadoro, G., Amano, A., Amantini, C., Ambrosio, S., Amelio, I., Amer, A.O., Amessou, M., Amon, A., An, Z., Anania, F.A., Andersen, S.U., Andley, U.P., Andreadi, C.K., Andrieu-Abadie, N., Anel, A., Ann, D.K., Anoopkumar-Dukie, S., Antonioli, M., Antonioli, M., Aoki, H., Apostolova, N., Aquila, S., Aquilano, K., Araki, K., Arama, E., Aranda, A., Araya, J., Arcaro, A., Arias, E., Arimoto, H., Ariosa, A.R., Armstrong, J.L., Arnould, T., Arsov, I., Asanuma, K., Askanas, V., Asselin, E., Atarashi, R., Atherton, S.S., Atkin, J.D., Attardi, L.D., Auberger, P., Auburger, G., Aurelian, L., Autelli, R., Avagliano, L., Avagliano, L., Avantaggiati, M.L., Avrahami, L., Awale, S., Azad, N., Bachetti, T., Backer, J.M., Bae, D.-H., Bae, J.-S., Bae, O.-N., Bae, S.H., Baehrecke, E.H., Baek, S.-H., Baghdiguian, S., Bagniewska-Zadworna, A., Bai, H., Bai, J., Bai, X.-Y., Bailly, Y., Balaji, K.N., Balduini, W., Ballabio, A., Balzan, R., Banerjee, R., Bánhegyi, G., Bao, H., Barbeau, B., Barrachina, M.D., Barreiro, E., Bartel, B., Bartolomé, A., Bassham, D.C., Bassi, M.T., Bast, R.C., Basu, A., Batista, M.T., Batoko, H., Battino, M., Bauckman, K., Baumgarner, B.L., Bayer, K.U., Beale, R., Beaulieu, J.-F., Beck, G.R., Beck, G.R., Becker, C., Beckham, J.D., Bédard, P.-A., Bednarski, P.J., Begley, T.J., Behl, C., Behrends, C., Behrens, G.M.N., Behrns, K.E., Bejarano, E., Belaid, A., Belleudi, F., Bénard, G., Berchem, G., Bergamaschi, D., Bergami, M., Berkhout, B., Berliocchi, L., Bernard, A., Bernard, M., Bernassola, F., Bertolotti, A., Bess, A.S., Besteiro, S., Bettuzzi, S., Bhalla, S., Bhattacharyya, S., Bhutia, S.K., Biagosch, C., Bianchi, M.W., Bianchi, M.W., Bianchi, M.W., Biard-Piechaczyk, M., Billes, V., Bincoletto, C., Bingol, B., Bird, S.W., Bitoun, M., Bjedov, I., Blackstone, C., Blanc, L., Blanco, G.A., Blomhoff, H.K., Boada-Romero, E., Böckler, S., Boes, M., Boesze-Battaglia, K., Boise, L.H., Boise, L.H., Bolino, A., Boman, A., Bonaldo, P., Bordi, M., Bordi, M., Bosch, J., Botana, L.M., Botti, J., Bou, G., Bouché, M., Bouchecareilh, M., Boucher, M.-J., Boulton, M.E., Bouret, S.G., Boya, P., Boyer-Guittaut, M., Bozhkov, P.V., Brady, N., Braga, V.M.M., Brancolini, C., Braus, G.H., Bravo-San-Pedro, J.M., Bravosan-Pedro, J.M., Bravosan-Pedro, J.M., Bravosan-Pedro, J.M., Brennan, L.A., Bresnick, E.H., Brest, P., Bridges, D., Bringer, M.-A., Brini, M., Brito, G.C., Brodin, B., Brookes, P.S., Brown, E.J., Brown, K., Broxmeyer, H.E., Bruhat, A., Bruhat, A., Brum, P.C., Brumell, J.H., Brunetti-Pierri, N., Brunetti-Pierri, N., Bryson-Richardson, R.J., Buch, S., Buchan, A.M., Budak, H., Bulavin, D.V., Bulavin, D.V., Bulavin, D.V., Bultman, S.J., Bultynck, G., Bumbasirevic, V., Burelle, Y., Burke, R.E., Burke, R.E., Burmeister, M., Bütikofer, P., Caberlotto, L., Cadwell, K., Cahova, M., Cai, D., Cai, J., Cai, Q., Calatayud, S., Camougrand, N., Campanella, M., Campbell, G.R., Campbell, M., Campello, S., Campello, S., Candau, R., Caniggia, I., Cantoni, L., Cao, L., Caplan, A.B., Caraglia, M., Cardinali, C., Cardoso, S.M., Carew, J.S., Carleton, L.A., Carlin, C.R., Carloni, S., Carlsson, S.R., Carmona-Gutierrez, D., Carneiro, L.A.M., Carnevali, O., Carra, S., Carrier, A., Carroll, B., Casas, C., Casas, J., Cassinelli, G., Castets, P., Castro-Obregon, S., Cavallini, G., Ceccherini, I., Cecconi, F., Cecconi, F., Cecconi, F., Cederbaum, A.I., Ceña, V., Ceña, V., Cenci, S., Cenci, S., Cerella, C., Cervia, D., Cetrullo, S., Chaachouay, H., Chae, H.-J., Chagin, A.S., Chai, C.-Y., Chai, C.-Y., Chakrabarti, G., Chamilos, G., Chan, E.Y.W., Chan, M.T.V., Chandra, D., Chandra, P., Chang, C.-P., Chang, R.C.-C., Chang, T.Y., Chatham, J.C., Chatterjee, S., Chauhan, S., Che, Y., Cheetham, M.E., Cheluvappa, R., Chen, C.-J., Chen, G., Chen, G., Chen, G.-C., Chen, G., Chen, H., Chen, J.W., Chen, J.-K., Chen, J.-K., Chen, M., Chen, M., Chen, P., Chen, Q., Chen, Q., Chen, S.-D., Chen, S., Chen, S.S.-L., Chen, W., Chen, W.-J., Chen, W.Q., Chen, W., Chen, X., Chen, Y.-H., Chen, Y.-G., Chen, Y., Chen, Y., Chen, Y., Chen, Y., Chen, Y.-J., Chen, Y.-Q., Chen, Y., Chen, Z., Chen, Z., Cheng, A., Cheng, C.H.K., Cheng, H., Cheong, H., Cherry, S., Chesney, J., Cheung, C.H.A., Chevet, E., Chi, H.C., Chi, S.-G., Chiacchiera, F., Chiang, H.-L., Chiarelli, R., Chiariello, M., Chiariello, M., Chiariello, M., Chieppa, M., Chin, L.-S., Chiong, M., Chiu, G.N.C., Cho, D.-H., Cho, S.-G., Cho, W.C., Cho, Y.-Y., Cho, Y.-S., Choi, A.M.K., Choi, E.-J., Choi, E.-K., Choi, E.-K., Choi, E.-K., Choi, E.-K., Choi, J., Choi, M.E., Choi, S.-I., Choi, S.-I., Chou, T.-F., Chouaib, S., Choubey, D., Choubey, V., Chow, K.-C., Chowdhury, K., Chu, C.T., Chuang, T.-H., Chun, T., Chung, H., Chung, T., Chung, Y.-L., Chwae, Y.-J., Cianfanelli, V., Ciarcia, R., Ciechomska, I.A., Ciriolo, M.R., Cirone, M., Claerhout, S., Claerhout, S., Clague, M.J., Clària, J., Clarke, P.G.H., Clarke, R., Clementi, E., Clementi, E., Cleyrat, C., Cnop, M., Coccia, E.M., Cocco, T., Codogno, P., Coers, J., Cohen, E.E.W., Colecchia, D., Colecchia, D., Colecchia, D., Coletto, L., Coll, N.S., Colucci-Guyon, E., Comincini, S., Condello, M., Cook, K.L., Coombs, G.H., Cooper, C.D., Cooper, J.M., Coppens, I., Corasaniti, M.T., Corazzari, M., Corazzari, M., Corbalan, R., Corcelle-Termeau, E., Cordero, M.D., Corral-Ramos, C., Corti, O., Corti, O., Cossarizza, A., Costelli, P., Costes, S., Cotman, S.L., Coto-Montes, A., Cottet, S., Cottet, S., Couve, E., Covey, L.R., Cowart, L.A., Cox, J.S., Coxon, F.P., Coyne, C.B., Cragg, M.S., Craven, R.J., Crepaldi, T., Crespo, J.L., Criollo, A., Crippa, V., Cruz, M.T., Cuervo, A.M., Cuezva, J.M., Cui, T., Cutillas, P.R., Czaja, M.J., Czyzyk-Krzeska, M.F., Dagda, R.K., Dahmen, U., Dai, C., Dai, W., Dai, Y., Dalby, K.N., Valle, L.D., Dalmasso, G., D'amelio, M., Damme, M., Darfeuille-Michaud, A., Dargemont, C., Darley-Usmar, V.M., Dasarathy, S., Dasgupta, B., Dash, S., Dass, C.R., Davey, H.M., Davids, L.M., Dávila, D., Davis, R.J., Dawson, T.M., Dawson, T.M., Dawson, V.L., Daza, P., de Belleroche, J., de Figueiredo, P., de Figueiredo, P., de Figueiredo, R.C.B.Q., de la Fuente, J., De Martino, L., De Matteis, A., De Meyer, G.R.Y., De Milito, A., De Santi, M., de Souza, W., De Tata, V., De Zio, D., Debnath, J., Dechant, R., Decuypere, J.-P., Decuypere, J.-P., Deegan, S., Dehay, B., Del Bello, B., Del Re, D.P., Delage-Mourroux, R., Delbridge, L.M.D., Deldicque, L., Delorme-Axford, E., Deng, Y., Dengjel, J., Denizot, M., Dent, P., Der, C.J., Deretic, V., Derrien, B., Deutsch, E., Devarenne, T.P., Devenish, R.J., Di Bartolomeo, S., Di Daniele, N., Di Domenico, F., Di Nardo, A., Di Paola, S., Di Pietro, A., Di Renzo, L., Di Antonio, A., Díaz-Araya, G., Díaz-Laviada, I., Diaz-Meco, M.T., Diaz-Nido, J., Dickey, C.A., Dickson, R.C., Diederich, M., Digard, P., Dikic, I., Dinesh-Kumar, S.P., Ding, C., Ding, W.-X., Ding, Z., Dini, L., Distler, J.H.W., Diwan, A., Djavaheri-Mergny, M., Dmytruk, K., Dobson, R.C.J., Doetsch, V., Dokladny, K., Dokudovskaya, S., Donadelli, M., Dong, X.C., Dong, X., Dong, Z., Donohue, T.M., Donohue-Jr, T.M., Doran, K.S., D'orazi, G., Dorn, G.W., Dosenko, V., Dridi, S., Drucker, L., Du, J., Du, L.-L., Du, L., du Toit, A., Dua, P., Duan, L., Duann, P., Dubey, V.K., Duchen, M.R., Duchosal, M.A., Duez, H., Dugail, I., Dumit, V.I., Duncan, M.C., Dunlop, E.A., Dunn, W.A., Dupont, N., Dupuis, L., Dupuis, L., Durán, R.V., Durcan, T.M., Duvezin-Caubet, S., Duvvuri, U., Eapen, V., Ebrahimi-Fakhari, D., Echard, A., Eckhart, L., Edelstein, C.L., Edinger, A.L., Eichinger, L., Eisenberg, T., Eisenberg-Lerner, A., Eissa, N.T., El-Deiry, W.S., El-Khoury, V., Elazar, Z., Eldar-Finkelman, H., Elliott, C.J.H., Emanuele, E., Emmenegger, U., Engedal, N., Engelbrecht, A.-M., Engelender, S., Enserink, J.M., Erdmann, R., Erenpreisa, J., Eri, R., Eriksen, J.L., Erman, A., Escalante, R., Eskelinen, E.-L., Espert, L., Esteban-Martínez, L., Evans, T.J., Fabri, M., Fabrias, G., Fabrizi, C., Facchiano, A., Færgeman, N.J., Faggioni, A., Fairlie, W.D., Fairlie, W.D., Fairlie, W.D., Fan, C., Fan, D., Fan, J., Fang, S., Fanto, M., Fanzani, A., Farkas, T., Faure, M., Favier, F.B., Favier, F.B., Fearnhead, H., Federici, M., Fei, E., Felizardo, T.C., Feng, H., Feng, Y., Feng, Y., Feng, Y., Ferguson, T.A., Fernández, Á.F., Fernandez-Barrena, M.G., Fernandez-Checa, J.C., Fernandez-Checa, J.C., Fernández-López, A., Fernandez-Zapico, M.E., Feron, O., Ferraro, E., Ferreira-Halder, C.V., Fesus, L., Feuer, R., Fiesel, F.C., Filippi-Chiela, E.C., Filomeni, G., Filomeni, G., Fimia, G.M., Fimia, G.M., Fingert, J.H., Fingert, J.H., Finkbeiner, S., Finkbeiner, S., Finkel, T., Fiorito, F., Fiorito, F., Fisher, P.B., Flajolet, M., Flamigni, F., Florey, O., Florio, S., Floto, R.A., Folini, M., Follo, C., Fon, E.A., Fornai, F., Fornai, F., Fortunato, F., Fraldi, A., Franco, R., Francois, A., Francois, A., François, A., Frankel, L.B., Fraser, I.D.C., Frey, N., Freyssenet, D.G., Frezza, C., Friedman, S.L., Frigo, D.E., Frigo, D.E., Fu, D., Fuentes, J.M., Fueyo, J., Fujitani, Y., Fujiwara, Y., Fujiya, M., Fukuda, M., Fulda, S., Fusco, C., Gabryel, B., Gaestel, M., Gailly, P., Gajewska, M., Galadari, S., Galadari, S., Galili, G., Galindo, I., Galindo, M.F., Galliciotti, G., Galluzzi, L., Galluzzi, L., Galluzzi, L., Galluzzi, L., Galluzzi, L., Galy, V., Gammoh, N., Gandy, S., Gandy, S., Ganesan, A.K., Ganesan, S., Ganley, I.G., Gannagé, M., Gao, F.-B., Gao, F., Gao, J.-X., Nannig, L.G., Véscovi, E.G., Garcia-Macía, M., Garcia-Ruiz, C., Garg, A.D., Garg, P.K., Gargini, R., Gassen, N.C., Gatica, D., Gatica, D., Gatti, E., Gatti, E., Gatti, E., Gavard, J., Gavathiotis, E., Ge, L., Ge, P., Ge, S., Gean, P.-W., Gelmetti, V., Genazzani, A.A., Geng, J., Genschik, P., Gerner, L., Gestwicki, J.E., Gewirtz, D.A., Ghavami, S., Ghigo, E., Ghosh, D., Giammarioli, A.M., Giammarioli, A.M., Giampieri, F., Giampietri, C., Giatromanolaki, A., Gibbings, D.J., Gibellini, L., Gibson, S.B., Ginet, V., Giordano, A., Giordano, A., Giorgini, F., Giovannetti, E., Giovannetti, E., Girardin, S.E., Gispert, S., Giuliano, S., Giuliano, S., Gladson, C.L., Glavic, A., Gleave, M., Godefroy, N., Gogal, R.M., Gokulan, K., Goldman, G.H., Goletti, D., Goligorsky, M.S., Gomes, A.V., Gomes, L.C., Gomez, H., Gomez-Manzano, C., Gómez-Sánchez, R., Gonçalves, D.A.P., Goncu, E., Gong, Q., Gongora, C., Gonzalez, C.B., Gonzalez-Alegre, P., Gonzalez-Cabo, P., Gonzalez-Cabo, P., González-Polo, R.A., Goping, I.S., Gorbea, C., Gorbunov, N.V., Goring, D.R., Gorman, A.M., Gorski, S.M., Gorski, S.M., Goruppi, S., Goto-Yamada, S., Gotor, C., Gottlieb, R.A., Gozes, I., Gozuacik, D., Graba, Y., Graef, M., Granato, G.E., Grant, G.D., Grant, S., Gravina, G.L., Green, D.R., Greenhough, A., Greenwood, M.T., Grimaldi, B., Gros, F., Grose, C., Groulx, J.-F., Gruber, F., Grumati, P., Grumati, P., Grune, T., Guan, J.-L., Guan, K.-L., Guerra, B., Guillen, C., Guillen, C., Gulshan, K., Gunst, J., Guo, C., Guo, L., Guo, M., Guo, W., Guo, X.-G., Gust, A.A., Gustafsson, Å.B., Gutierrez, E., Gutierrez, M.G., Gwak, H.-S., Haas, A., Haber, J.E., Hadano, S., Hagedorn, M., Hahn, D.R., Halayko, A.J., Hamacher-Brady, A., Hamada, K., Hamai, A., Hamann, A., Hamasaki, M., Hamer, I., Hamid, Q., Hammond, E.M., Han, F., Han, W., Handa, J.T., Hanover, J.A., Hansen, M., Harada, M., Harhaji-Trajkovic, L., Harper, J.W., Harrath, A.H., Harris, A.L., Harris, J., Hasler, U., Hasselblatt, P., Hasui, K., Hawley, R.G., Hawley, T.S., He, C., He, C.Y., He, F., He, G., He, R.-R., He, X.-H., He, Y.-W., He, Y.-Y., Heath, J.K., Hébert, M.-J., Heinzen, R.A., Helgason, G.V., Hensel, M., Henske, E.P., Her, C., Herman, P.K., Hernández, A., Hernandez, C., Hernández-Tiedra, S., Hetz, C., Hetz, C., Hiesinger, P.R., Higaki, K., Hilfiker, S., Hill, B.G., Hill, J.A., Hill, W.D., Hill, W.D., Hill, W.D., Hill, W.D., Hino, K., Hofius, D., Hofman, P., Höglinger, G.U., Höglinger, G.U., Höhfeld, J., Holz, M.K., Holz, M.K., Hong, Y., Hood, D.A., Hoozemans, J.J.M., Hoppe, T., Hsu, C., Hsu, C.-Y., Hsu, L.-C., Hu, D., Hu, G., Hu, H.-M., Hu, H., Hu, M.C., Hu, Y.-C., Hu, Z.-W., Hua, F., Hua, Y., Huang, C., Huang, C., Huang, H.-L., Huang, K.-H., Huang, K.-Y., Huang, S., Huang, S., Huang, W.-P., Huang, Y.-R., Huang, Y., Huang, Y., Huber, T.B., Huber, T.B., Huber, T.B., Huebbe, P., Huh, W.-K., Hulmi, J.J., Hulmi, J.J., Hur, G.M., Hurley, J.H., Husak, Z., Hussain, S.N.A., Hussain, S.N.A., Hussain, S., Hwang, J.J., Hwang, S., Hwang, T.I.S., Ichihara, A., Imai, Y., Imbriano, C., Inomata, M., Into, T., Iovane, V., Iovanna, J.L., Iozzo, R.V., Ip, N.Y., Irazoqui, J.E., Iribarren, P., Isaka, Y., Isakovic, A.J., Ischiropoulos, H., Ischiropoulos, H., Isenberg, J.S., Ishaq, M., Ishida, H., Ishii, I., Ishmael, J.E., Isidoro, C., Isobe, K.-I., Isono, E., Issazadeh-Navikas, S., Itahana, K., Itakura, E., Ivanov, A.I., Iyer, A.K.V., Izquierdo, J.M., Izumi, Y., Izzo, V., Izzo, V., Izzo, V., Izzo, V., Jäättelä, M., Jaber, N., Jackson, D.J., Jackson, W.T., Jacob, T.G., Jacques, T.S., Jagannath, C., Jain, A., Jain, A., Jana, N.R., Jang, B.K., Jani, A., Jani, A., Janji, B., Jannig, P.R., Jansson, P.J., Jean, S., Jendrach, M., Jeon, J.-H., Jessen, N., Jeung, E.-B., Jia, K., Jia, L., Jiang, H., Jiang, H., Jiang, L., Jiang, T., Jiang, X., Jiang, X., Jiang, X., Jiang, Y., Jiang, Y., Jiang, Y., Jiang, Y., Jiménez, A., Jin, C., Jin, H., Jin, L., Jin, M., Jin, M., Jin, S., Jinwal, U.K., Jo, E.-K., Johansen, T., Johnson, D.E., Johnson, G.V.W., Johnson, J.D., Jonasch, E., Jones, C., Joosten, L.A.B., Jordan, J., Joseph, A.-M., Joseph, B., Joubert, A.M., Ju, D., Ju, J., Juan, H.-F., Juenemann, K., Juhász, G., Jung, H.S., Jung, J.U., Jung, Y.-K., Jungbluth, H., Jungbluth, H., Jungbluth, H., Justice, M.J., Justice, M.J., Jutten, B., Kaakoush, N.O., Kaarniranta, K., Kaasik, A., Kabuta, T., Kaeffer, B., Kågedal, K., Kahana, A., Kajimura, S., Kakhlon, O., Kalia, M., Kalvakolanu, D.V., Kamada, Y., Kambas, K., Kaminskyy, V.O., Kampinga, H.H., Kandouz, M., Kang, C., Kang, C., Kang, R., Kang, T.-C., Kanki, T., Kanneganti, T.-D., Kanno, H., Kanthasamy, A.G., Kantorow, M., Kaparakis-Liaskos, M., Kapuy, O., Karantza, V., Karim, M.R., Karmakar, P., Kaser, A., Kaushik, S., Kawula, T., Kaynar, A.M., Kaynar, A.M., Ke, P.-Y., Ke, Z.-J., Kehrl, J.H., Keller, K.E., Kemper, J.K., Kenworthy, A.K., Kepp, O., Kern, A., Kesari, S., Kessel, D., Ketteler, R., Kettelhut, I.C., Khambu, B., Khan, M.M., Khandelwal, V.K.M., Khare, S., Kiang, J.G., Kiger, A.A., Kihara, A., Kim, A.L., Kim, C.H., Kim, D.R., Kim, D.-H., Kim, E.K., Kim, E.K., Kim, H.Y., Kim, H.-R., Kim, J.-S., Kim, J.H., Kim, J.H., Kim, J.C., Kim, J.H., Kim, J.H., Kim, K.W., Kim, M.D., Kim, M.-M., Kim, P.K., Kim, S.W., Kim, S.-Y., Kim, Y.-S., Kim, Y., Kimchi, A., Kimmelman, A.C., Kimura, T., King, J.S., Kirkegaard, K., Kirkin, V., Kirshenbaum, L.A., Kishi, S., Kitajima, Y., Kitamoto, K., Kitaoka, Y., Kitazato, K., Kley, R.A., Klimecki, W.T., Klinkenberg, M., Klucken, J., Knævelsrud, H., Knecht, E., Knuppertz, L., Ko, J.-L., Kobayashi, S., Koch, J.C., Koechlin-Ramonatxo, C., Koenig, U., Koh, Y.H., Köhler, K., Kohlwein, S.D., Koike, M., Komatsu, M., Kominami, E., Kong, D., Kong, H.J., Konstantakou, E.G., Kopp, B.T., Korcsmaros, T., Korhonen, L., Korolchuk, V.I., Koshkina, N.V., Kou, Y., Koukourakis, M.I., Koumenis, C., Kovács, A.L., Kovács, T., Kovacs, W.J., Koya, D., Kraft, C., Krainc, D., Kramer, H., Kravic-Stevovic, T., Krek, W., Kretz-Remy, C., Kretz-Remy, C., Kretz-Remy, C., Krick, R., Krishnamurthy, M., Kriston-Vizi, J., Kroemer, G., Kroemer, G., Kroemer, G., Kroemer, G., Kruer, M.C., Kruger, R., Ktistakis, N.T., Kuchitsu, K., Kuhn, C., Kumar, A.P., Kumar, A., Kumar, A., Kumar, D., Kumar, D., Kumar, R., Kumar, S., Kundu, M., Kung, H.-J., Kung, H.-J., Kuno, A., Kuo, S.-H., Kuret, J., Kurz, T., Kwok, T., Kwok, T., Kwon, T.K., Kwon, Y.T., Kyrmizi, I., La Spada, A.R., La Spada, A.R., Lafont, F., Lahm, T., Lakkaraju, A., Lam, T., Lamark, T., Lancel, S., Landowski, T.H., Lane, D.J.R., Lane, J.D., Lanzi, C., Lapaquette, P., Lapierre, L.R., Laporte, J., Laukkarinen, J., Laurie, G.W., Lavandero, S., Lavandero, S., Lavie, L., Lavoie, M.J., Law, B.Y.K., Law, H.K.-W., Law, K.B., Layfield, R., Lazo, P.A., Lazo, P.A., Le Cam, L., Le Cam, L., Le Cam, L., Le Roch, K.G., Le Stunff, H., Le Stunff, H., Leardkamolkarn, V., Lecuit, M., Lee, B.-H., Lee, C.-H., Lee, E.F., Lee, E.F., Lee, E.F., Lee, G.M., Lee, H.-J., Lee, H., Lee, J.K., Lee, J., Lee, J.-H., Lee, J.-H., Lee, J.H., Lee, M., Lee, M.-S., Lee, P.J., Lee, S.W., Lee, S.-J., Lee, S.-J., Lee, S.Y., Lee, S.H., Lee, S.S., Lee, S.S., Lee, S.-J., Lee, S., Lee, Y.-R., Lee, Y.J., Lee, Y.H., Leeuwenburgh, C., Lefort, S., Legouis, R., Lei, J., Lei, Q.-Y., Leib, D.A., Leibowitz, G., Lekli, I., Lemaire, S.D., Lemasters, J.J., Lemberg, M.K., Lemoine, A., Leng, S., Lenz, G., Lenzi, P., Lerman, L.O., Barbato, D.L., Leu, J.I.J., Leung, H.Y., Leung, H.Y., Levine, B., Levine, B., Lewis, P.A., Lewis, P.A., Lezoualch, F., Li, C., Li, F., Li, F.-J., Li, J., Li, K., Li, L., Li, M., Li, M., Li, Q., Li, R., Li, S., Li, W., Li, W., Li, X., Li, Y., Lian, J., Liang, C., Liang, Q., Liao, Y., Liberal, J., Liberski, P.P., Lie, P., Lieberman, A.P., Lim, H.J., Lim, K.-L., Lim, K.-L., Lim, K., Lima, R.T., Lima, R.T., Lima, R.T., Lin, C.-S., Lin, C.-S., Lin, C.-F., Lin, F., Lin, F., Lin, F.-C., Lin, K., Lin, K.-H., Lin, P.-H., Lin, T., Lin, W.-W., Lin, Y.-S., Lin, Y., Linden, R., Lindholm, D., Lindqvist, L.M., Lingor, P., Linkermann, A., Liotta, L.A., Lipinski, M.M., Lira, V.A., Lisanti, M.P., Liton, P.B., Liu, B., Liu, C., Liu, C.-F., Liu, F., Liu, H.-J., Liu, J., Liu, J.-J., Liu, J.-L., Liu, K., Liu, L., Liu, L., Liu, Q., Liu, R.-Y., Liu, S., Liu, S., Liu, W., Liu, X.-D., Liu, X., Liu, X.-H., Liu, X., Liu, X., Liu, X., Liu, X., Liu, X., Liu, Y., Liu, Y., Liu, Z., Liu, Z., Liuzzi, J.P., Lizard, G., Ljujic, M., Lodhi, I.J., Logue, S.E., Lokeshwar, B.L., Long, Y.C., Lonial, S., Loos, B., López-Otín, C., López-Vicario, C., Lorente, M., Lorenzi, P.L., Lorenzi, P.L., Lõrincz, P., Los, M., Lotze, M.T., Lovat, P.E., Lu, B., Lu, B., Lu, J., Lu, Q., Lu, S.-M., Lu, S., Lu, Y., Luciano, F., Luckhart, S., Lucocq, J.M., Ludovico, P., Ludovico, P., Lugea, A., Lukacs, N.W., Lum, J.J., Lum, J.J., Lum, J.J., Lund, A.H., Luo, H., Luo, J., Luo, S., Luparello, C., Lyons, T., Ma, J., Ma, Y., Ma, Y., Ma, Z., Machado, J., Machado-Santelli, G.M., Macian, F., MacIntosh, G.C., MacKeigan, J.P., Macleod, K.F., MacMicking, J.D., MacMillan-Crow, L.A., Madeo, F., Madesh, M., Madesh, M., Madrigal-Matute, J., Maeda, A., Maeda, T., Maegawa, G., Maellaro, E., Maes, H., Magariños, M., Maiese, K., Maiti, T.K., Maiuri, L., Maiuri, M.C., Maki, C.G., Malli, R., Malorni, W., Malorni, W., Maloyan, A., Mami-Chouaib, F., Man, N., Man, N., Mancias, J.D., Mandelkow, E.-M., Mandell, M.A., Manfredi, A.A., Manié, S.N., Manzoni, C., Manzoni, C., Mao, K., Mao, K., Mao, Z., Mao, Z.-W., Marambaud, P., Marconi, A.M., Marelja, Z., Marfe, G., Margeta, M., Margittai, E., Mari, M., Mariani, F.V., Marin, C., Marinelli, S., Mariño, G., Markovic, I., Marquez, R., Martelli, A.M., Martens, S., Martin, K.R., Martin, S.J., Martin, S., Martin-Acebes, M.A., Martín-Sanz, P., Martinand-Mari, C., Martinet, W., Martinez, J., Martinez-Lopez, N., Martinez-Outschoorn, U., Martínez-Velázquez, M., Martinez-Vicente, M., Martins, W.K., Martins, W.K., Mashima, H., Mastrianni, J.A., Matarese, G., Matarese, G., Matarrese, P., Mateo, R., Matoba, S., Matsumoto, N., Matsushita, T., Matsuura, A., Matsuzawa, T., Mattson, M.P., Matus, S., Matus, S., Matus, S., Maugeri, N., Mauvezin, C., Mayer, A., Maysinger, D., Mazzolini, G.D., McBrayer, M.K., McCall, K., McCormick, C., McInerney, G.M., McIver, S.C., McKenna, S., McMahon, J.J., McNeish, I.A., Mechta-Grigoriou, F., Medema, J.P., Medina, D.L., Megyeri, K., Mehrpour, M., Mehta, J.L., Mei, Y., Meier, U.-C., Meijer, A.J., Meléndez, A., Melino, G., Melino, G., Melino, S., de Melo, E.J.T., Mena, M.A., Meneghini, M.D., Menendez, J.A., Menezes, R., Menezes, R., Meng, L., Meng, L.-H., Meng, S., Menghini, R., Menko, A.S., Menna-Barreto, R.F.S., Menon, M.B., Meraz-Ríos, M.A., Merla, G., Merlini, L., Merlot, A.M., Meryk, A., Meschini, S., Meyer, J.N., Mi, M.-T., Miao, C.-Y., Micale, L., Michaeli, S., Michiels, C., Migliaccio, A.R., Mihailidou, A.S., Mihailidou, A.S., Mijaljica, D., Mikoshiba, K., Milan, E., Milan, E., Miller-Fleming, L., Mills, G.B., Mills, I.G., Mills, I.G., Mills, I.G., Minakaki, G., Minassian, B.A., Ming, X.-F., Minibayeva, F., Minina, E.A., Mintern, J.D., Minucci, S., Miranda-Vizuete, A., Mitchell, C.H., Miyamoto, S., Miyazawa, K., Mizushima, N., Mnich, K., Mograbi, B., Mohseni, S., Moita, L.F., Molinari, M., Molinari, M., Molinari, M., Møller, A.B., Mollereau, B., Mollinedo, F., Mongillo, M., Monick, M.M., Montagnaro, S., Montell, C., Montell, C., Moore, D.J., Moore, M.N., Mora-Rodriguez, R., Moreira, P.I., Morel, E., Morelli, M.B., Moreno, S., Morgan, M.J., Moris, A., Moriyasu, Y., Morrison, J.L., Morrison, L.A., Morselli, E., Moscat, J., Moseley, P.L., Mostowy, S., Motori, E., Mottet, D., Mottram, J.C., Moussa, C.E.-H., Mpakou, V.E., Mukhtar, H., Levy, J.M.M., Muller, S., Muñoz-Moreno, R., Muñoz-Pinedo, C., Münz, C., Murphy, M.E., Murray, J.T., Murthy, A., Mysorekar, I.U., Nabi, I.R., Nabissi, M., Nader, G.A., Nagahara, Y., Nagai, Y., Nagata, K., Nagelkerke, A., Nagy, P., Naidu, S.R., Nair, S., Nakano, H., Nakatogawa, H., Nanjundan, M., Napolitano, G., Naqvi, N.I., Nardacci, R., Narendra, D.P., Narita, M., Nascimbeni, A.C., Natarajan, R., Navegantes, L.C., Nawrocki, S.T., Nazarko, T.Y., Nazarko, V.Y., Neill, T., Neri, L.M., Netea, M.G., Netea-Maier, R.T., Neves, B.M., Ney, P.A., Nezis, I.P., Nguyen, H.T.T., Nguyen, H.P., Nicot, A.-S., Nilsen, H., Nilsen, H., Nilsson, P., Nilsson, P., Nishimura, M., Nishino, I., Niso-Santano, M., Niu, H., Nixon, R.A., Njar, V.C.O., Noda, T., Noegel, A.A., Nolte, E.M., Norberg, E., Norga, K.K., Noureini, S.K., Notomi, S., Notterpek, L., Nowikovsky, K., Nukina, N., Nürnberger, T., O'donnell, V.B., O'donovan, T., O'dwyer, P.J., Oehme, I., Oeste, C.L., Ogawa, M., Ogretmen, B., Ogura, Y., Oh, Y.J., Ohmuraya, M., Ohshima, T., Ojha, R., Okamoto, K., Okazaki, T., Oliver, F.J., Ollinger, K., Olsson, S., Orban, D.P., Orban, D.P., Ordonez, P., Orhon, I., Orosz, L., O'rourke, E.J., Orozco, H., Orozco, H., Ortega, A.L., Ortona, E., Osellame, L.D., Oshima, J., Oshima, S., Osiewacz, H.D., Otomo, T., Otsu, K., Ou, J.-H.J., Outeiro, T.F., Ouyang, D.-Y., Ouyang, H., Overholtzer, M., Ozbun, M.A., Ozdinler, P.H., Ozpolat, B., Pacelli, C., Paganetti, P., Page, G., Pages, G., Pagnini, U., Pajak, B., Pajak, B., Pak, S.C., Pakos-Zebrucka, K., Pakpour, N., Palková, Z., Palladino, F., Pallauf, K., Pallet, N., Palmieri, M., Paludan, S.R., Palumbo, C., Palumbo, S., Pampliega, O., Pan, H., Pan, W., Panaretakis, T., Pandey, A., Pandey, A., Pantazopoulou, A., Papackova, Z., Papademetrio, D.L., Papassideri, I., Papini, A., Parajuli, N., Pardo, J., Parekh, V.V., Parenti, G., Park, J.-I., Park, J., Park, O.K., Parker, R., Parlato, R., Parlato, R., Parys, J.B., Parzych, K.R., Parzych, K.R., Pasquet, J.-M., Pasquier, B., Pasumarthi, K.B.S., Patschan, D., Patterson, C., Pattingre, S., Pattingre, S., Pattison, S., Pause, A., Pavenstädt, H., Pavone, F., Pedrozo, Z., Peña, F.J., Peñalva, M.A., Pende, M., Peng, J., Penna, F., Penninger, J.M., Pensalfini, A., Pepe, S., Pereira, G.J.S., Pereira, P.C., de la Cruz, V.P., Pérez-Pérez, M.E., Pérez-Rodríguez, D., Pérez-Sala, D., Perier, C., Perl, A., Perlmutter, D.H., Perrotta, I., Pervaiz, S., Pervaiz, S., Pervaiz, S., Pesonen, M., Pessin, J.E., Peters, G.J., Petersen, M., Petrache, I., Petrof, B.J., Petrovski, G., Petrovski, G., Petrovski, G., Phang, J.M., Piacentini, M., Pierdominici, M., Pierre, P., Pierre, P., Pierre, P., Pierre, P., Pierrefite-Carle, V., Pietrocola, F., Pietrocola, F., Pietrocola, F., Pietrocola, F., Pimentel-Muiños, F.X., Pinar, M., Pineda, B., Pinkas-Kramarski, R., Pinti, M., Pinton, P., Piperdi, B., Piret, J.M., Platanias, L.C., Platanias, L.C., Platta, H.W., Plowey, E.D., Pöggeler, S., Poirot, M., Polčic, P., Poletti, A., Poon, A.H., Popelka, H., Popova, B., Poprawa, I., Poulose, S.M., Poulton, J., Powers, S.K., Powers, T., Pozuelo-Rubio, M., Prak, K., Prange, R., Prescott, M., Priault, M., Prince, S., Proia, R.L., Proikas-Cezanne, T., Prokisch, H., Promponas, V.J., Przyklenk, K., Puertollano, R., Pugazhenthi, S., Puglielli, L., Pujol, A., Pujol, A., Pujol, A., Puyal, J., Puyal, J., Pyeon, D., Qi, X., Qian, W.-B., Qin, Z.-H., Qiu, Y., Qu, Z., Quadrilatero, J., Quinn, F., Raben, N., Rabinowich, H., Radogna, F., Ragusa, M.J., Rahmani, M., Raina, K., Ramanadham, S., Ramesh, R., Rami, A., Randall-Demllo, S., Randow, F., Randow, F., Rao, H., Rao, V.A., Rasmussen, B.B., Rasse, T.M., Ratovitski, E.A., Rautou, P.-E., Rautou, P.-E., Rautou, P.-E., Rautou, P.-E., Ray, S.K., Razani, B., Razani, B., Reed, B.H., Reggiori, F., Rehm, M., Reichert, A.S., Rein, T., Reiner, D.J., Reits, E., Ren, J., Ren, X., Renna, M., Reusch, J.E.B., Reusch, J.E.B., Revuelta, J.L., Reyes, L., Rezaie, A.R., Richards, R.I., Richardson, R., Richetta, C., Riehle, M.A., Rihn, B.H., Rikihisa, Y., Riley, B.E., Rimbach, G., Rippo, M.R., Ritis, K., Rizzi, F., Rizzo, E., Roach, P.J., Robbins, J., Roberge, M., Roca, G., Roccheri, M.C., Rocha, S., Rodrigues, C.M.P., Rodríguez, C.I., de Cordoba, S.R., Rodriguez-Muela, N., Roelofs, J., Rogov, V.V., Rohn, T.T., Rohrer, B., Romanelli, D., Romani, L., Romano, P.S., Roncero, M.I.G., Rosa, J.L., Rosello, A., Rosen, K.V., Rosen, K.V., Rosenstiel, P., Rost-Roszkowska, M., Roth, K.A., Roué, G., Rouis, M., Rouschop, K.M., Ruan, D.T., Ruano, D., Rubinsztein, D.C., Rucker, E.B., Rudich, A., Rudolf, E., Rudolf, R., Ruegg, M.A., Ruiz-Roldan, C., Ruparelia, A.A., Rusmini, P., Russ, D.W., Russo, G.L., Russo, G., Russo, R., Rusten, T.E., Rusten, T.E., Ryabovol, V., Ryan, K.M., Ryter, S.W., Sabatini, D.M., Sacher, M., Sacher, M., Sachse, C., Sack, M.N., Sadoshima, J., Saftig, P., Sagi-Eisenberg, R., Sahni, S., Saikumar, P., Saito, T., Saitoh, T., Sakakura, K., Sakoh-Nakatogawa, M., Sakuraba, Y., Salazar-Roa, M., Salomoni, P., Saluja, A.K., Salvaterra, P.M., Salvioli, R., Samali, A., Sanchez, A.M.J., Sánchez-Alcázar, J.A., Sanchez-Prieto, R., Sandri, M., Sanjuan, M.A., Santaguida, S., Santambrogio, L., Santoni, G., Dos Santos, C.N., Dos Santos, C.N., Saran, S., Sardiello, M., Sargent, G., Sarkar, P., Sarkar, S., Sarrias, M.R., Sarwal, M.M., Sasakawa, C., Sasaki, M., Sass, M., Sato, K., Sato, M., Satriano, J., Savaraj, N., Saveljeva, S., Schaefer, L., Schaible, U.E., Scharl, M., Schatzl, H.M., Schekman, R., Scheper, W., Scheper, W., Scheper, W., Schiavi, A., Schiavi, A., Schipper, H.M., Schipper, H.M., Schmeisser, H., Schmidt, J., Schmitz, I., Schmitz, I., Schneider, B.E., Schneider, E.M., Schneider, J.L., Schon, E.A., Schönenberger, M.J., Schönthal, A.H., Schorderet, D.F., Schorderet, D.F., Schröder, B., Schuck, S., Schulze, R.J., Schwarten, M., Schwarz, T.L., Sciarretta, S., Sciarretta, S., Sciarretta, S., Scotto, K., Scovassi, A.I., Screaton, R.A., Screaton, R.A., Screen, M., Seca, H., Seca, H., Seca, H., Sedej, S., Segatori, L., Segatori, L., Segev, N., Seglen, P.O., Seguí-Simarro, J.M., Segura-Aguilar, J., Seiliez, I., Seki, E., Sell, C., Semenkovich, C.F., Semenza, G.L., Sen, U., Serra, A.L., Serrano-Puebla, A., Sesaki, H., Setoguchi, T., Settembre, C., Shacka, J.J., Shajahan-Haq, A.N., Shapiro, I.M., Sharma, S., She, H., Shen, C.-K.J., Shen, C.-C., Shen, H.-M., Shen, S., Shen, W., Sheng, R., Sheng, X., Sheng, Z.-H., Shepherd, T.G., Shi, J., Shi, J., Shi, Q., Shi, Q., Shi, Y., Shibutani, S., Shibuya, K., Shidoji, Y., Shieh, J.-J., Shih, C.-M., Shimada, Y., Shimizu, S., Shin, D.W., Shinohara, M.L., Shintani, M., Shintani, T., Shioi, T., Shirabe, K., Shiri-Sverdlov, R., Shirihai, O., Shore, G.C., Shu, C.-W., Shukla, D., Sibirny, A.A., Sibirny, A.A., Sica, V., Sica, V., Sica, V., Sica, V., Sigurdson, C.J., Sigurdsson, E.M., Sijwali, P.S., Sikorska, B., Silveira, W.A., Silvente-Poirot, S., Silverman, G.A., Simak, J., Simmet, T., Simon, A.K., Simon, H.-U., Simone, C., Simons, M., Simonsen, A., Singh, R., Singh, S.V., Singh, S.K., Sinha, D., Sinha, S., Sinicrope, F.A., Sirko, A., Sirohi, K., Sishi, B.J.N., Sittler, A., Siu, P.M., Sivridis, E., Skwarska, A., Slack, R., Slaninová, I., Slavov, N., Smaili, S.S., Smalley, K.S.M., Smith, D.R., Soenen, S.J., Soleimanpour, S.A., Solhaug, A., Somasundaram, K., Son, J.H., Sonawane, A., Song, C., Song, F., Song, H.K., Song, J.-X., Song, W., Soo, K.Y., Sood, A.K., Sood, A.K., Soong, T.W., Soontornniyomkij, V., Sorice, M., Sotgia, F., Soto-Pantoja, D.R., Sotthibundhu, A., Sousa, M.J., Spaink, H.P., Span, P.N., Spang, A., Sparks, J.D., Speck, P.G., Spector, S.A., Spies, C.D., Springer, W., Clair, D.S., Stacchiotti, A., Staels, B., Stang, M.T., Starczynowski, D.T., Starokadomskyy, P., Steegborn, C., Steele, J.W., Stefanis, L., Steffan, J., Stellrecht, C.M., Stenmark, H., Stepkowski, T.M., Stern, S.T., Stevens, C., Stockwell, B.R., Stockwell, B.R., Stoka, V., Storchova, Z., Stork, B., Stratoulias, V., Stravopodis, D.J., Stravopodis, D.J., Strnad, P., Strohecker, A.M., Ström, A.-L., Stromhaug, P., Stulik, J., Su, Y.-X., Su, Z., Subauste, C.S., Subramaniam, S., Sue, C.M., Suh, S.W., Sui, X., Sukseree, S., Sulzer, D., Sun, F.-L., Sun, J., Sun, J., Sun, S.-Y., Sun, Y., Sun, Y., Sun, Y., Sundaramoorthy, V., Sung, J., Suzuki, H., Suzuki, K., Suzuki, N., Suzuki, T., Suzuki, Y.J., Swanson, M.S., Swanton, C., Swärd, K., Swarup, G., Sweeney, S.T., Sylvester, P.W., Szatmari, Z., Szegezdi, E., Szlosarek, P.W., Taegtmeyer, H., Tafani, M., Taillebourg, E., Tait, S.W.G., Takacs-Vellai, K., Takahashi, Y., Takáts, S., Takemura, G., Takigawa, N., Talbot, N.J., Tamagno, E., Tamburini, J., Tan, C.-P., Tan, L., Tan, M.L., Tan, M.L., Tan, M., Tan, Y.-J., Tan, Y.-J., Tanaka, K., Tanaka, M., Tang, D., Tang, D., Tang, G., Tanida, I., Tanji, K., Tannous, B.A., Tapia, J.A., Tasset-Cuevas, I., Tatar, M., Tavassoly, I., Tavernarakis, N., Tavernarakis, N., Tavernarakis, N., Taylor, A., Taylor, G.S., Taylor, G.A., Taylor, G.A., Taylor, G.A., Taylor, G.A., Taylor, J.P., Taylor, M.J., Tchetina, E.V., Tee, A.R., Teixeira-Clerc, F., Teixeira-Clerc, F., Telang, S., Tencomnao, T., Teng, B.-B., Teng, R.-J., Terro, F., Tettamanti, G., Theiss, A.L., Theron, A.E., Thomas, K.J., Thomé, M.P., Thomes, P.G., Thorburn, A., Thorner, J., Thum, T., Thumm, M., Thurston, T.L.M., Tian, L., Till, A., Till, A., Ting, J.P.-Y., Ting, J.P.Y., Titorenko, V.I., Toker, L., Toldo, S., Tooze, S.A., Topisirovic, I., Topisirovic, I., Torgersen, M.L., Torgersen, M.L., Torgersen, M.L., Torosantucci, L., Torriglia, A., Torrisi, M.R., Tournier, C., Towns, R., Trajkovic, V., Travassos, L.H., Triola, G., Tripathi, D.N., Trisciuoglio, D., Troncoso, R., Troncoso, R., Trougakos, I.P., Truttmann, A.C., Tsai, K.-J., Tschan, M.P., Tseng, Y.-H., Tsukuba, T., Tsung, A., Tsvetkov, A.S., Tu, S., Tuan, H.-Y., Tucci, M., Tumbarello, D.A., Turk, B., Turk, V., Turner, R.F.B., Tveita, A.A., Tyagi, S.C., Ubukata, M., Uchiyama, Y., Udelnow, A., Ueno, T., Umekawa, M., Umemiya-Shirafuji, R., Underwood, B.R., Ungermann, C., Ureshino, R.P., Ushioda, R., Uversky, V.N., Uzcátegui, N.L., Vaccari, T., Vaccaro, M.I., Váchová, L., Vakifahmetoglu-Norberg, H., Valdor, R., Valente, E.M., Vallette, F., Valverde, A.M., Van den Berghe, G., Van Den Bosch, L., van den Brink, G.R., van der Goot, F.G., van der Klei, I.J., van der Laan, L.J.W., van Doorn, W.G., van Egmond, M., van Golen, K.L., van Golen, K.L., van Golen, K.L., Van Kaer, L., Campagne, M.L., Vandenabeele, P., Vandenberghe, W., Vandenberghe, W., Vanhorebeek, I., Varela-Nieto, I., Vasconcelos, M.H., Vasconcelos, M.H., Vasconcelos, M.H., Vasko, R., Vavvas, D.G., Vega-Naredo, I., Velasco, G., Velentzas, A.D., Velentzas, P.D., Vellai, T., Vellenga, E., Vendelbo, M.H., Venkatachalam, K., Ventura, N., Ventura, N., Ventura, S., Veras, P.S.T., Verdier, M., Vertessy, B.G., Viale, A., Vidal, M., Vieira, H.L.A., Vierstra, R.D., Vigneswaran, N., Vij, N., Vila, M., Vila, M., Vila, M., Villar, M., Villar, V.H., Villarroya, J., Vindis, C., Viola, G., Viscomi, M.T., Vitale, G., Vogl, D.T., Voitsekhovskaja, O.V., von Haefen, C., von Schwarzenberg, K., Voth, D.E., Vouret-Craviari, V., Vuori, K., Vyas, J.M., Waeber, C., Walker, C.L., Walker, M.J., Walter, J., Wan, L., Wan, L., Wan, X., Wang, B., Wang, C., Wang, C.-Y., Wang, C., Wang, C., Wang, C., Wang, D., Wang, F., Wang, F., Wang, G., Wang, H.-J., Wang, H., Wang, H.-G., Wang, H., Wang, H.-D., Wang, J., Wang, J., Wang, M., Wang, M.-Q., Wang, P.-Y., Wang, P., Wang, R.C., Wang, S., Wang, T.-F., Wang, X., Wang, X.-J., Wang, X.-W., Wang, X., Wang, X., Wang, Y., Wang, Y., Wang, Y., Wang, Y.-J., Wang, Y., Wang, Y., Wang, Y.T., Wang, Y., Wang, Z.-N., Wappner, P., Ward, C., Ward, D.M.V., Warnes, G., Watada, H., Watanabe, Y., Watase, K., Weaver, T.E., Weekes, C.D., Wei, J., Weide, T., Weihl, C.C., Weindl, G., Weis, S.N., Wen, L., Wen, X., Wen, X., Wen, Y., Wen, Y., Westermann, B., Weyand, C.M., White, A.R., White, E., Whitton, J.L., Whitworth, A.J., Wiels, J., Wild, F., Wildenberg, M.E., Wileman, T., Wilkinson, D.S., Wilkinson, S., Willbold, D., Willbold, D., Williams, C., Williams, C., Williams, K., Williamson, P.R., Winklhofer, K.F., Witkin, S.S., Wohlgemuth, S.E., Wollert, T., Wolvetang, E.J., Wong, E., Wong, G.W., Wong, R.W., Wong, V.K.W., Woodcock, E.A., Wright, K.L., Wu, C., Wu, D., Wu, G.S., Wu, J., Wu, J., Wu, M., Wu, M., Wu, S., Wu, W.K.K., Wu, Y., Wu, Z., Xavier, C.P.R., Xavier, C.P.R., Xavier, R.J., Xia, G.-X., Xia, T., Xia, W., Xia, W., Xia, Y., Xiao, H., Xiao, J., Xiao, S., Xiao, W., Xie, C.-M., Xie, Z., Xie, Z., Xilouri, M., Xiong, Y., Xu, C., Xu, C., Xu, F., Xu, H., Xu, H., Xu, J., Xu, J., Xu, J., Xu, J., Xu, L., Xu, X., Xu, Y., Xu, Y., Xu, Z.-X., Xu, Z., Xu, Z., Xue, Y., Yamada, T., Yamamoto, A., Yamanaka, K., Yamashina, S., Yamashiro, S., Yan, B., Yan, B., Yan, X., Yan, Z., Yanagi, Y., Yang, D.-S., Yang, J.-M., Yang, L., Yang, M., Yang, P.-M., Yang, P., Yang, Q., Yang, W., Yang, W.Y., Yang, X., Yang, Y., Yang, Y., Yang, Z., Yang, Z., Yao, M.-C., Yao, P.J., Yao, X., Yao, Z., Yao, Z., Yao, Z., Yasui, L.S., Ye, M., Yedvobnick, B., Yeganeh, B., Yeh, E.S., Yeyati, P.L., Yi, F., Yi, L., Yin, X.-M., Yip, C.K., Yoo, Y.-M., Yoo, Y.H., Yoon, S.-Y., Yoshida, K.-I., Yoshimori, T., Young, K.H., Yu, H., Yu, J.J., Yu, J.-T., Yu, J., Yu, L., Yu, W.H., Yu, X.-F., Yu, Z., Yuan, J., Yuan, Z.-M., Yue, B.Y.J.T., Yue, J., Yue, Z., Zacks, D.N., Zacksenhaus, E., Zaffaroni, N., Zaglia, T., Zakeri, Z., Zecchini, V., Zeng, J., Zeng, M., Zeng, Q., Zervos, A.S., Zhang, D.D., Zhang, F., Zhang, G., Zhang, G.-C., Zhang, H., Zhang, H., Zhang, H., Zhang, H., Zhang, H., Zhang, J., Zhang, J., Zhang, J., Zhang, J., Zhang, J.-P., Zhang, L., Zhang, L., Zhang, L., Zhang, L., Zhang, L., Zhang, M.-Y., Zhang, X., Zhang, X.D., Zhang, Y., Zhang, Y., Zhang, Y., Zhang, Y., Zhang, Y., Zhang, Y., Zhao, M., Zhao, W.-L., Zhao, W.-L., Zhao, W.-L., Zhao, X., Zhao, Y.G., Zhao, Y., Zhao, Y., Zhao, Y.-X., Zhao, Z., Zhao, Z.J., Zheng, D., Zheng, X.-L., Zheng, X., Zhivotovsky, B., Zhivotovsky, B., Zhong, Q., Zhong, Q., Zhou, G.-Z., Zhou, G., Zhou, H., Zhou, S.-F., Zhou, X.-J., Zhou, X.-J., Zhou, X.-J., Zhu, H., Zhu, H., Zhu, W.-G., Zhu, W., Zhu, X.-F., Zhu, Y., Zhuang, S.-M., Zhuang, X., Ziparo, E., Zois, C.E., Zoladek, T., Zong, W.-X., Zorzano, A., Zorzano, A., Zorzano, A., Zughaier, S.M.","Guidelines for the use and interpretation of assays for monitoring autophagy (3rd edition)",2016,"Autophagy","12","1",,"1","222",,318,10.1080/15548627.2015.1100356,"https://www.scopus.com/inward/record.uri?eid=2-s2.0-85013763791&doi=10.1080%2f15548627.2015.1100356&partnerID=40&md5=c7b9c89e5113f0c72d642ba75e5097c9",Editorial,Scopus,2-s2.0-85013763791
"Pu, Y., Bassham, D.C.","Detection of autophagy in plants by fluorescence microscopy",2016,"Methods in Molecular Biology","1450",,,"161","172",,1,10.1007/978-1-4939-3759-2_13,"https://www.scopus.com/inward/record.uri?eid=2-s2.0-84978726292&doi=10.1007%2f978-1-4939-3759-2_13&partnerID=40&md5=7e5086d10dcf71e5b530765d610e9f32",Book Chapter,Scopus,2-s2.0-84978726292
"Yang, X., Srivastava, R., Howell, S.H., Bassham, D.C.","Activation of autophagy by unfolded proteins during endoplasmic reticulum stress",2016,"Plant Journal","85","1",,"83","95",,17,10.1111/tpj.13091,"https://www.scopus.com/inward/record.uri?eid=2-s2.0-84961331317&doi=10.1111%2ftpj.13091&partnerID=40&md5=e20e3d28c32ce780e24953a1605b52f6",Article,Scopus,2-s2.0-84961331317
"Klionsky, D.J., Abeliovich, H., Agostinis, P., Agrawal, D.K., Aliev, G., Askew, D.S., Baba, M., Baehrecke, E.H., Bahr, B.A., Ballabio, A., Bamber, B.A., Bassham, D.C., Bergamini, E., Bi, X., Biard-Piechaczyk, M., Blum, J.S., Bredesen, D.E., Brodsky, J.L., Brumell, J.H., Brunk, U.T., Bursch, W., Camougrand, N., Cebollero, E., Cecconi, F., Chen, Y., Chin, L.-S., Choi, A., Chu, C.T., Chung, J., Clarke, P.G.H., Clark, R.S.B., Clarke, S.G., Clavé, C., Cleveland, J.L., Codogno, P., Colombo, M.I., Cotomontes, A., Cregg, J.M., Cuervo, A.M., Debnath, J., Demarchi, F., Dennis, P.B., Dennis, P.A., Deretic, V., Devenish, R.J., Di Sano, F., Dice, J.F., DiFiglia, M., Dinesh-Kumar, S., Distelhorst, C.W., Djavaheri-Mergny, M., Dorsey, F.C., Dröge, W., Dron, M., Dunn, W.A., Duszenko, M., Eissa, N.T., Elazar, Z., Esclatine, A., Eskelinen, E.-L., Fésüs, L., Finley, K.D., Fuentes, J.M., Fueyo, J., Fujisaki, K., Galliot, B., Gao, F.-B., Gewirtz, D.A., Gibson, S.B., Gohla, A., Goldberg, A.L., Gonzalez, R., González-Estévez, C., Gorski, S., Gottlieb, R.A., Häussinger, D., He, Y.-W., Heidenreich, K., Hill, J.A., Høyer-Hansen, M., Hu, X., Huang, W.-P., Iwasaki, A., Jäättelä, M., Jackson, W.T., Jiang, X., Jin, S., Johansen, T., Jung, J.U., Kadowaki, M., Kang, C., Kelekar, A., Kessel, D.H., Kiel, J.A.K.W., Hong, P.K., Kimchi, A., Kinsella, T.J., Kiselyov, K., Kitamoto, K., Knecht, E., Komatsu, M., Kominami, E., Kondo, S., Kovács, A.L., Kroemer, G., Kuan, C.-Y., Kumar, R., Kundu, M., Landry, J., Laporte, M., Le, W., Lei, H.-Y., Lenardo, M.J., Levine, B., Lieberman, A., Lim, K.-L., Lin, F.-C., Liou, W., Liu, L.F., Lopez-Berestein, G., López-Otín, C., Lu, B., Macleod, K.F., Malorni, W., Martinet, W., Matsuoka, K., Mautner, J., Meijer, A.J., Meléndez, A., Michels, P., Miotto, G., Mistiaen, W.P., Mizushima, N., Mograbi, B., Monastyrska, I., Moore, M.N., Moreira, P.I., Moriyasu, Y., Motyl, T., Münz, C., Murphy, L.O., Naqvi, N.I., Neufeld, T.P., Nishino, I., Nixon, R.A., Noda, T., Nürnberg, B., Ogawa, M., Oleinick, N.L., Olsen, L.J., Ozpolat, B., Paglin, S., Palmer, G.E., Papassideri, I., Parkes, M., Perlmutter, D.H., Perry, G., Piacentini, M., Pinkas-Kramarski, R., Prescott, M., Proikascezanne, T., Raben, N., Rami, A., Reggiori, F., Rohrer, B., Rubinsztein, D.C., Ryan, K.M., Sadoshima, J., Sakagami, H., Sakai, Y., Sandri, M., Sasakawa, C., Sass, M., Schneider, C., Seglen, P.O., Seleverstov, O., Settleman, J., Shacka, J.J., Shapiro, I.M., Sibirny, A., Silva-Zacarin, E.C.M., Simon, H.-U., Simone, C., Simonsen, A., Smith, M.A., Spanel-Borowski, K., Srinivas, V., Steeves, M., Stenmark, H., Stromhaug, P.E., Subauste, C.S., Sugimoto, S., Sulzer, D., Suzuki, T., Swanson, M.S., Tabas, I., Takeshita, F., Talbot, N.J., Tallóczy, Z., Tanaka, K., Tanaka, K., Tanida, I., Taylor, G.S., Taylor, J.P., Terman, A., Tettamanti, G., Thompson, C.B., Thumm, M., Tolkovsky, A.M., Tooze, S.A., Truant, R., Tumanovska, L.V., Uchiyama, Y., Ueno, T., Uzcátegui, N.L., Van Der Klei, I., Vaquero, E.C., Vellai, T., Vogel, M.W., Wang, H.-G., Webster, P., Wiley, J.W., Xi, Z., Xiao, G., Yahalom, J., Yang, J.-M., Yap, G., Yin, X.-M., Yoshimori, T., Yu, L., Yue, Z., Yuzaki, M., Zabirnyk, O., Zheng, X., Zhu, X., Deter, R.L., Garg, A.D.","Erratum to: Guidelines for the use and interpretation of assays for monitoring autophagy (3rd edition) (Autophagy, 12, 1, 1-222, 10.1080/15548627.2015.1100356",2016,"Autophagy","12","2",,"443","",,251,10.1080/15548627.2016.1147886,"https://www.scopus.com/inward/record.uri?eid=2-s2.0-84975859238&doi=10.1080%2f15548627.2016.1147886&partnerID=40&md5=31056d973bc133c60f23837eab9bee3b",Erratum,Scopus,2-s2.0-84975859238
"Roy, R., Bassham, D.C.","Gravitropism and lateral root emergence are dependent on the trans-Golgi network protein TNO1",2015,"Frontiers in Plant Science","6","NOVEMBER", 969,"","",,2,10.3389/fpls.2015.00969,"https://www.scopus.com/inward/record.uri?eid=2-s2.0-84947595506&doi=10.3389%2ffpls.2015.00969&partnerID=40&md5=45dab7a6e234b8f49746e3f7becb4831",Article,Scopus,2-s2.0-84947595506
"Bassham, D.C.","Plant biology: Pigments on the move",2015,"Nature","526","7575",,"644","645",,1,10.1038/526644a,"https://www.scopus.com/inward/record.uri?eid=2-s2.0-84945576100&doi=10.1038%2f526644a&partnerID=40&md5=692e51e9bec64c85c489489772554429",Short Survey,Scopus,2-s2.0-84945576100
"Dong, B., Yang, X., Zhu, S., Bassham, D.C., Fang, N.","Stochastic Optical Reconstruction Microscopy Imaging of Microtubule Arrays in Intact Arabidopsis thaliana Seedling Roots",2015,"Scientific Reports","5",, 15694,"","",,2,10.1038/srep15694,"https://www.scopus.com/inward/record.uri?eid=2-s2.0-84945950331&doi=10.1038%2fsrep15694&partnerID=40&md5=35bbb767f3ba10071c39cf1bb30f7997",Article,Scopus,2-s2.0-84945950331
"Rojas, H., Floyd, B., Morriss, S.C., Bassham, D., MacIntosh, G.C., Goldraij, A.","NnSR1, A class III non-S-RNase specifically induced in Nicotiana alata under phosphate deficiency, Is localized in endoplasmic reticulum compartments",2015,"Plant Science","236",,,"250","259",,1,10.1016/j.plantsci.2015.04.012,"https://www.scopus.com/inward/record.uri?eid=2-s2.0-84928963385&doi=10.1016%2fj.plantsci.2015.04.012&partnerID=40&md5=de0b16e5c545ef55e1a4789607786801",Article,Scopus,2-s2.0-84928963385
"Bassham, D.C.","Methods for analysis of autophagy in plants",2015,"Methods","75",,,"181","188",,11,10.1016/j.ymeth.2014.09.003,"https://www.scopus.com/inward/record.uri?eid=2-s2.0-84924425922&doi=10.1016%2fj.ymeth.2014.09.003&partnerID=40&md5=07a3ebdf1dbfc7ddc44c43538dd9e9e4",Article,Scopus,2-s2.0-84924425922
"Yang, X., Bassham, D.C.","New Insight into the Mechanism and Function of Autophagy in Plant Cells",2015,"International Review of Cell and Molecular Biology","320",,,"1","40",,11,10.1016/bs.ircmb.2015.07.005,"https://www.scopus.com/inward/record.uri?eid=2-s2.0-84940703609&doi=10.1016%2fbs.ircmb.2015.07.005&partnerID=40&md5=7204ac8543e0b73a7c93fd806bebaf39",Book Chapter,Scopus,2-s2.0-84940703609
"Floyd, B.E., Pu, Y., Soto-Burgos, J., Bassham, D.C.","Austenitic steels with twip effect",2015,"Plant Programmed Cell Death",,,,"369","392",,,10.1007/978-3-319-19165-2_11,"https://www.scopus.com/inward/record.uri?eid=2-s2.0-84956761284&doi=10.1007%2f978-3-319-19165-2_11&partnerID=40&md5=f49356c8e80e140faef0183f0b545c78",Book Chapter,Scopus,2-s2.0-84956761284
"Floyd, B.E., Morriss, S.C., MacIntosh, G.C., Bassham, D.C.","Evidence for autophagy-dependent pathways of rRNA turnover in Arabidopsis",2015,"Autophagy","11","12",,"2199","2212",,8,10.1080/15548627.2015.1106664,"https://www.scopus.com/inward/record.uri?eid=2-s2.0-84964267365&doi=10.1080%2f15548627.2015.1106664&partnerID=40&md5=bf78e0b4cd7a4acf7beb9eac24383980",Article,Scopus,2-s2.0-84964267365
"Bassham, D.C., Crespo, J.L.","Autophagy in plants and algae",2014,"Frontiers in Plant Science","5","DEC", 679,"","",2,5,10.3389/fpls.2014.00679,"https://www.scopus.com/inward/record.uri?eid=2-s2.0-84914679898&doi=10.3389%2ffpls.2014.00679&partnerID=40&md5=ea46809da2942ae79acb0abe6d4d645d",Editorial,Scopus,2-s2.0-84914679898
"Roy, R., Bassham, D.C.","Root growth movements: Waving and skewing",2014,"Plant Science","221-222",,,"42","47",,14,10.1016/j.plantsci.2014.01.007,"https://www.scopus.com/inward/record.uri?eid=2-s2.0-84894054081&doi=10.1016%2fj.plantsci.2014.01.007&partnerID=40&md5=923196f3202819b9a9a686ec0bbe142a",Review,Scopus,2-s2.0-84894054081
"Kim, S.-J., Bassham, D.C.","Functional redundancy between trans-Golgi network SNARE family members in Arabidopsis thaliana",2013,"BMC Biochemistry","14","1", 22,"","",,2,10.1186/1471-2091-14-22,"https://www.scopus.com/inward/record.uri?eid=2-s2.0-84883621066&doi=10.1186%2f1471-2091-14-22&partnerID=40&md5=69dc4e2328774a15f9d379f8736077e4",Article,Scopus,2-s2.0-84883621066
"Pu, Y., Bassham, D.C.","Links between ER stress and autophagy in plants",2013,"Plant Signaling and Behavior","8","6",,"e24297","1-e24297-6",,5,10.4161/psb.24297,"https://www.scopus.com/inward/record.uri?eid=2-s2.0-84878621472&doi=10.4161%2fpsb.24297&partnerID=40&md5=932ef044dc71822c15f3578e6f8b926f",Review,Scopus,2-s2.0-84878621472
"Liu, Y., Bassham, D.C.","Degradation of the endoplasmic reticulum by autophagy in plants",2013,"Autophagy","9","4",,"622","623",,8,10.4161/auto.23559,"https://www.scopus.com/inward/record.uri?eid=2-s2.0-84877337298&doi=10.4161%2fauto.23559&partnerID=40&md5=3c724f63dac9f187a1d498d2fea9b62a",Article,Scopus,2-s2.0-84877337298
"Floyd, B.E., Morriss, S.C., Macintosh, G.C., Bassham, D.C.","What to Eat: Evidence for Selective Autophagy in Plants",2012,"Journal of Integrative Plant Biology","54","11",,"907","920",,35,10.1111/j.1744-7909.2012.01178.x,"https://www.scopus.com/inward/record.uri?eid=2-s2.0-84869224000&doi=10.1111%2fj.1744-7909.2012.01178.x&partnerID=40&md5=bfff96ad40d9bd0ab108b46255803d69",Review,Scopus,2-s2.0-84869224000
"Liu, Y., Burgos, J.S., Deng, Y., Srivastava, R., Howell, S.H., Bassham, D.C.","Degradation of the endoplasmic reticulum by autophagy during endoplasmic reticulum stress in Arabidopsisc w",2012,"Plant Cell","24","11",,"4635","4651",,82,10.1105/tpc.112.101535,"https://www.scopus.com/inward/record.uri?eid=2-s2.0-84871899675&doi=10.1105%2ftpc.112.101535&partnerID=40&md5=cb6b98833f0cff3450c734d66e80266d",Article,Scopus,2-s2.0-84871899675
"Contento, A.L., Bassham, D.C.","Structure and function of endosomes in plant cells",2012,"Journal of Cell Science","125","15",,"3511","3518",,37,10.1242/jcs.093559,"https://www.scopus.com/inward/record.uri?eid=2-s2.0-84869103374&doi=10.1242%2fjcs.093559&partnerID=40&md5=66c3e3bbe374df70f26c3973aa073235",Note,Scopus,2-s2.0-84869103374
"Liu, Y., Bassham, D.C.","Autophagy: Pathways for self-eating in plant cells",2012,"Annual Review of Plant Biology","63",,,"215","237",,141,10.1146/annurev-arplant-042811-105441,"https://www.scopus.com/inward/record.uri?eid=2-s2.0-84865859612&doi=10.1146%2fannurev-arplant-042811-105441&partnerID=40&md5=82bcf3e2a55942bf162286892c0066c2",Review,Scopus,2-s2.0-84865859612
"Klionsky, D.J., Abdalla, F.C., Abeliovich, H., Abraham, R.T., Acevedo-Arozena, A., Adeli, K., Agholme, L., Agnello, M., Agostinis, P., Aguirre-Ghiso, J.A., Ahn, H.J., Ait-Mohamed, O., Ait-Si-Ali, S., Akematsu, T., Akira, S., Al-Younes, H.M., Al-Zeer, M.A., Albert, M.L., Albin, R.L., Alegre-Abarrategui, J., Aleo, M.F., Alirezaei, M., Almasan, A., Almonte-Becerril, M., Amano, A., Amaravadi, R., Amarnath, S., Amer, A.O., Andrieu-Abadie, N., Anantharam, V., Ann, D.K., Anoopkumar-Dukie, S., Aoki, H., Apostolova, N., Arancia, G., Aris, J.P., Asanuma, K., Asare, N.Y.O., Ashida, H., Askanas, V., Askew, D.S., Auberger, P., Baba, M., Backues, S.K., Baehrecke, E.H., Bahr, B.A., Bai, X.-Y., Bailly, Y., Baiocchi, R., Baldini, G., Balduini, W., Ballabio, A., Bamber, B.A., Bampton, E.T.W., Bánhegyi, G., Bartholomew, C.R., Bassham, D.C., Bast Jr., R.C., Batoko, H., Bay, B.-H., Beau, I., Béchet, D.M., Begley, T.J., Behl, C., Behrends, C., Bekri, S., Bellaire, B., Bendall, L.J., Benetti, L., Berliocchi, L., Bernardi, H., Bernassola, F., Besteiro, S., Bhatia-Kissova, I., Bi, X., Biard-Piechaczyk, M., Blum, J.S., Boise, L.H., Bonaldo, P., Boone, D.L., Bornhauser, B.C., Bortoluci, K.R., Bossis, I., Bost, F., Bourquin, J.-P., Boya, P., Boyer-Guittaut, M., Bozhkov, P.V., Brady, N.R., Brancolini, C., Brech, A., Brenman, J.E., Brennand, A., Bresnick, E.H., Brest, P., Bridges, D., Bristol, M.L., Brookes, P.S., Brown, E.J., Brumell, J.H., Brunetti-Pierri, N., Brunk, U.T., Bulman, D.E., Bultman, S.J., Bultynck, G., Burbulla, L.F., Bursch, W., Butchar, J.P., Buzgariu, W., Bydlowski, S.P., Cadwell, K., Cahová, M., Cai, D., Cai, J., Cai, Q., Calabretta, B., Calvo-Garrido, J., Camougrand, N., Campanella, M., Campos-Salinas, J., Candi, E., Cao, L., Caplan, A.B., Carding, S.R., Cardoso, S.M., Carew, J.S., Carlin, C.R., Carmignac, V., Carneiro, L.A.M., Carra, S., Caruso, R.A., Casari, G., Casas, C., Castino, R., Cebollero, E., Cecconi, F., Celli, J., Chaachouay, H., Chae, H.-J., Chai, C.-Y., Chan, D.C., Chan, E.Y., Chang, R.C.-C., Che, C.-M., Chen, C.-C., Chen, G.-C., Chen, G.-Q., Chen, M., Chen, Q., Chen, S.S.-L., Chen, W., Chen, X., Chen, X., Chen, X., Chen, Y.-G., Chen, Y., Chen, Y., Chen, Y.-J., Chen, Z., Cheng, A., Cheng, C.H.K., Cheng, Y., Cheong, H., Cheong, J.-H., Cherry, S., Chess-Williams, R., Cheung, Z.H., Chevet, E., Chiang, H.-L., Chiarelli, R., Chiba, T., Chin, L.-S., Chiou, S.-H., Chisari, F.V., Cho, C.H., Cho, D.-H., Choi, A.M.K., Choi, D., Choi, K.S., Choi, M.E., Chouaib, S., Choubey, D., Choubey, V., Chu, C.T., Chuang, T.-H., Chueh, S.-H., Chun, T., Chwae, Y.-J., Chye, M.-L., Ciarcia, R., Ciriolo, M.R., Clague, M.J., Clark, R.S.B., Clarke, P.G.H., Clarke, R., Codogno, P., Coller, H.A., Colombo, M.I., Comincini, S., Condello, M., Condorelli, F., Cookson, M.R., Coombs, G.H., Coppens, I., Corbalan, R., Cossart, P., Costelli, P., Costes, S., Coto-Montes, A., Couve, E., Coxon, F.P., Cregg, J.M., Crespo, J.L., Cronjé, M.J., Cuervo, A.M., Cullen, J.J., Czaja, M.J., D'Amelio, M., Darfeuille-Michaud, A., Davids, L.M., Davies, F.E., De Felici, M., De Groot, J.F., De Haan, C.A.M., De Martino, L., De Milito, A., De Tata, V., Debnath, J., Degterev, A., Dehay, B., Delbridge, L.M.D., Demarchi, F., Deng, Y.Z., Dengjel, J., Dent, P., Denton, D., Deretic, V., Desai, S.D., Devenish, R.J., Di Gioacchino, M., Di Paolo, G., Di Pietro, C., Díaz-Araya, G., Díaz-Laviada, I., Diaz-Meco, M.T., Diaz-Nido, J., Dikic, I., Dinesh-Kumar, S.P., Ding, W.-X., Distelhorst, C.W., Diwan, A., Djavaheri-Mergny, M., Dokudovskaya, S., Dong, Z., Dorsey, F.C., Dosenko, V., Dowling, J.J., Doxsey, S., Dreux, M., Drew, M.E., Duan, Q., Duchosal, M.A., Duff, K., Dugail, I., Durbeej, M., Duszenko, M., Edelstein, C.L., Edinger, A.L., Egea, G., Eichinger, L., Eissa, N.T., Ekmekcioglu, S., El-Deiry, W.S., Elazar, Z., Elgendy, M., Ellerby, L.M., Er Eng, K., Engelbrecht, A.-M., Engelender, S., Erenpreisa, J., Escalante, R., Esclatine, A., Eskelinen, E.-L., Espert, L., Espina, V., Fan, H., Fan, J., Fan, Q.-W., Fan, Z., Fang, S., Fang, Y., Fanto, M., Fanzani, A., Farkas, T., Farré, J.-C., Faure, M., Fechheimer, M., Feng, C.G., Feng, J., Feng, Q., Feng, Y., Fésüs, L., Feuer, R., Figueiredo-Pereira, M.E., Fimia, G.M., Fingar, D.C., Finkbeiner, S., Finkel, T., Finley, K.D., Fiorito, F., Fisher, E.A., Fisher, P.B., Flajolet, M., Florez-McClure, M.L., Florio, S., Fon, E.A., Fornai, F., Fortunato, F., Fotedar, R., Fowler, D.H., Fox, H.S., Franco, R., Frankel, L.B., Fransen, M., Fuentes, J.M., Fueyo, J., Fujii, J., Fujisaki, K., Fujita, E., Fukuda, M., Furukawa, R.H., Gaestel, M., Gailly, P., Gajewska, M., Galliot, B., Galy, V., Ganesh, S., Ganetzky, B., Ganley, I.G., Gao, F.-B., Gao, G.F., Gao, J., Garcia, L., Garcia-Manero, G., Garcia-Marcos, M., Garmyn, M., Gartel, A.L., Gatti, E., Gautel, M., Gawriluk, T.R., Gegg, M.E., Geng, J., Germain, M., Gestwicki, J.E., Gewirtz, D.A., Ghavami, S., Ghosh, P., Giammarioli, A.M., Giatromanolaki, A.N., Gibson, S.B., Gilkerson, R.W., Ginger, M.L., Ginsberg, H.N., Golab, J., Goligorsky, M.S., Golstein, P., Gomez-Manzano, C., Goncu, E., Gongora, C., Gonzalez, C.D., Gonzalez, R., González-Estévez, C., González-Polo, R.A., Gonzalez-Rey, E., Gorbunov, N.V., Gorski, S., Goruppi, S., Gottlieb, R.A., Gozuacik, D., Granato, G.E., Grant, G.D., Green, K.N., Gregorc, A., Gros, F., Grose, C., Grunt, T.W., Gual, P., Guan, J.-L., Guan, K.-L., Guichard, S.M., Gukovskaya, A.S., Gukovsky, I., Gunst, J., Gustafsson, A.B., Halayko, A.J., Hale, A.N., Halonen, S.K., Hamasaki, M., Han, F., Han, T., Hancock, M.K., Hansen, M., Harada, H., Harada, M., Hardt, S.E., Harper, J.W., Harris, A.L., Harris, J., Harris, S.D., Hashimoto, M., Haspel, J.A., Hayashi, S.-I., Hazelhurst, L.A., He, C., He, Y.-W., Hébert, M.-J., Heidenreich, K.A., Helfrich, M.H., Helgason, G.V., Henske, E.P., Herman, B., Herman, P.K., Hetz, C., Hilfiker, S., Hill, J.A., Hocking, L.J., Hofman, P., Hofmann, T.G., Höhfeld, J., Holyoake, T.L., Hong, M.-H., Hood, D.A., Hotamisligil, G.S., Houwerzijl, E.J., Høyer-Hansen, M., Hu, B., Hu, C.-A.A., Hu, H.-M., Hua, Y., Huang, C., Huang, J., Huang, S., Huang, W.-P., Huber, T.B., Huh, W.-K., Hung, T.-H., Hupp, T.R., Hur, G.M., Hurley, J.B., Hussain, S.N.A., Hussey, P.J., Hwang, J.J., Hwang, S., Ichihara, A., Ilkhanizadeh, S., Inoki, K., Into, T., Iovane, V., Iovanna, J.L., Ip, N.Y., Isaka, Y., Ishida, H., Isidoro, C., Isobe, K.-I., Iwasaki, A., Izquierdo, M., Izumi, Y., Jaakkola, P.M., Jäättelä, M., Jackson, G.R., Jackson, W.T., Janji, B., Jendrach, M., Jeon, J.-H., Jeung, E.-B., Jiang, H., Jiang, H., Jiang, J.X., Jiang, M., Jiang, Q., Jiang, X., Jiménez, A., Jin, M., Jin, S., Joe, C.O., Johansen, T., Johnson, D.E., Johnson, G.V.W., Jones, N.L., Joseph, B., Joseph, S.K., Joubert, A.M., Juhász, G., Juillerat-Jeanneret, L., Jung, C.H., Jung, Y.-K., Kaarniranta, K., Kaasik, A., Kabuta, T., Kadowaki, M., Kagedal, K., Kamada, Y., Kaminskyy, V.O., Kampinga, H.H., Kanamori, H., Kang, C., Kang, K.B., Il Kang, K., Kang, R., Kang, Y.-A., Kanki, T., Kanneganti, T.-D., Kanno, H., Kanthasamy, A.G., Kanthasamy, A., Karantza, V., Kaushal, G.P., Kaushik, S., Kawazoe, Y., Ke, P.-Y., Kehrl, J.H., Kelekar, A., Kerkhoff, C., Kessel, D.H., Khalil, H., Kiel, J.A.K.W., Kiger, A.A., Kihara, A., Kim, D.R., Kim, D.-H., Kim, D.-H., Kim, E.-K., Kim, H.-R., Kim, J.-S., Kim, J.H., Kim, J.C., Kim, J.K., Kim, P.K., Kim, S.W., Kim, Y.-S., Kim, Y., Kimchi, A., Kimmelman, A.C., King, J.S., Kinsella, T.J., Kirkin, V., Kirshenbaum, L.A., Kitamoto, K., Kitazato, K., Klein, L., Klimecki, W.T., Klucken, J., Knecht, E., Ko, B.C.B., Koch, J.C., Koga, H., Koh, J.-Y., Koh, Y.H., Koike, M., Komatsu, M., Kominami, E., Kong, H.J., Kong, W.-J., Korolchuk, V.I., Kotake, Y., Koukourakis, M.I., Kouri Flores, J.B., Kovács, A.L., Kraft, C., Krainc, D., Krämer, H., Kretz-Remy, C., Krichevsky, A.M., Kroemer, G., Krüger, R., Krut, O., Ktistakis, N.T., Kuan, C.-Y., Kucharczyk, R., Kumar, A., Kumar, R., Kumar, S., Kundu, M., Kung, H.-J., Kurz, T., Kwon, H.J., La Spada, A.R., Lafont, F., Lamark, T., Landry, J., Lane, J.D., Lapaquette, P., Laporte, J.F., László, L., Lavandero, S., Lavoie, J.N., Layfield, R., Lazo, P.A., Le, W., Le Cam, L., Ledbetter, D.J., Lee, A.J.X., Lee, B.-W., Lee, G.M., Lee, J., Lee, J.-H., Lee, M., Lee, M.-S., Lee, S.H., Leeuwenburgh, C., Legembre, P., Legouis, R., Lehmann, M., Lei, H.-Y., Lei, Q.-Y., Leib, D.A., Leiro, J., Lemasters, J.J., Lemoine, A., Lesniak, M.S., Lev, D., Levenson, V.V., Levine, B., Levy, E., Li, F., Li, J.-L., Li, L., Li, S., Li, W., Li, X.-J., Li, Y.-B., Li, Y.-P., Liang, C., Liang, Q., Liao, Y.-F., Liberski, P.P., Lieberman, A., Lim, H.J., Lim, K.-L., Lim, K., Lin, C.-F., Lin, F.-C., Lin, J., Lin, J.D., Lin, K., Lin, W.-W., Lin, W.-C., Lin, Y.-L., Linden, R., Lingor, P., Lippincott-Schwartz, J., Lisanti, M.P., Liton, P.B., Liu, B., Liu, C.-F., Liu, K., Liu, L., Liu, Q.A., Liu, W., Liu, Y.-C., Liu, Y., Lockshin, R.A., Lok, C.-N., Lonial, S., Loos, B., Lopez-Berestein, G., López-Otín, C., Lossi, L., Lotze, M.T., Lõw, P., Lu, B., Lu, B., Lu, B., Lu, Z., Luciano, F., Lukacs, N.W., Lund, A.H., Lynch-Day, M.A., Ma, Y., Macian, F., MacKeigan, J.P., Macleod, K.F., Madeo, F., Maiuri, L., Maiuri, M.C., Malagoli, D., Malicdan, M.C.V., Malorni, W., Man, N., Mandelkow, E.-M., Manon, S., Manov, I., Mao, K., Mao, X., Mao, Z., Marambaud, P., Marazziti, D., Marcel, Y.L., Marchbank, K., Marchetti, P., Marciniak, S.J., Marcondes, M., Mardi, M., Marfe, G., Mariño, G., Markaki, M., Marten, M.R., Martin, S.J., Martinand-Mari, C., Martinet, W., Martinez-Vicente, M., Masini, M., Matarrese, P., Matsuo, S., Matteoni, R., Mayer, A., Mazure, N.M., McConkey, D.J., McConnell, M.J., McDermott, C., McDonald, C., McInerney, G.M., McKenna, S.L., McLaughlin, B., McLean, P.J., McMaster, C.R., McQuibban, G.A., Meijer, A.J., Meisler, M.H., Meléndez, A., Melia, T.J., Melino, G., Mena, M.A., Menendez, J.A., Menna-Barreto, R.F.S., Menon, M.B., Menzies, F.M., Mercer, C.A., Merighi, A., Merry, D.E., Meschini, S., Meyer, C.G., Meyer, T.F., Miao, C.-Y., Miao, J.-Y., Michels, P.A.M., Michiels, C., Mijaljica, D., Milojkovic, A., Minucci, S., Miracco, C., Miranti, C.K., Mitroulis, I., Miyazawa, K., Mizushima, N., Mograbi, B., Mohseni, S., Molero, X., Mollereau, B., Mollinedo, F., Momoi, T., Monastyrska, I., Monick, M.M., Monteiro, M.J., Moore, M.N., Mora, R., Moreau, K., Moreira, P.I., Moriyasu, Y., Moscat, J., Mostowy, S., Mottram, J.C., Motyl, T., Moussa, C.E.-H., Müller, S., Muller, S., Münger, K., Münz, C., Murphy, L.O., Murphy, M.E., Musarò, A., Mysorekar, I., Nagata, E., Nagata, K., Nahimana, A., Nair, U., Nakagawa, T., Nakahira, K., Nakano, H., Nakatogawa, H., Nanjundan, M., Naqvi, N.I., Narendra, D.P., Narita, M., Navarro, M., Nawrocki, S.T., Nazarko, T.Y., Nemchenko, A., Netea, M.G., Neufeld, T.P., Ney, P.A., Nezis, I.P., Nguyen, H.P., Nie, D., Nishino, I., Nislow, C., Nixon, R.A., Noda, T., Noegel, A.A., Nogalska, A., Noguchi, S., Notterpek, L., Novak, I., Nozaki, T., Nukina, N., Nürnberger, T., Nyfeler, B., Obara, K., Oberley, T.D., Oddo, S., Ogawa, M., Ohashi, T., Okamoto, K., Oleinick, N.L., Oliver, F.J., Olsen, L.J., Olsson, S., Opota, O., Osborne, T.F., Ostrander, G.K., Otsu, K., Ou, J.-H.J., Ouimet, M., Overholtzer, M., Ozpolat, B., Paganetti, P., Pagnini, U., Pallet, N., Palmer, G.E., Palumbo, C., Pan, T., Panaretakis, T., Pandey, U.B., Papackova, Z., Papassideri, I., Paris, I., Park, J., Park, O.K., Parys, J.B., Parzych, K.R., Patschan, S., Patterson, C., Pattingre, S., Pawelek, J.M., Peng, J., Perlmutter, D.H., Perrotta, I., Perry, G., Pervaiz, S., Peter, M., Peters, G.J., Petersen, M., Petrovski, G., Phang, J.M., Piacentini, M., Pierre, P., Pierrefite-Carle, V., Pierron, G., Pinkas-Kramarski, R., Piras, A., Piri, N., Platanias, L.C., Pöggeler, S., Poirot, M., Poletti, A., Poüs, C., Pozuelo-Rubio, M., Prætorius-Ibba, M., Prasad, A., Prescott, M., Priault, M., Produit-Zengaffinen, N., Progulske-Fox, A., Proikas-Cezanne, T., Przedborski, S., Przyklenk, K., Puertollano, R., Puyal, J., Qian, S.-B., Qin, L., Qin, Z.-H., Quaggin, S.E., Raben, N., Rabinowich, H., Rabkin, S.W., Rahman, I., Rami, A., Ramm, G., Randall, G., Randow, F., Rao, V.A., Rathmell, J.C., Ravikumar, B., Ray, S.K., Reed, B.H., Reed, J.C., Reggiori, F., Régnier-Vigouroux, A., Reichert, A.S., Reiners Jr., J.J., Reiter, R.J., Ren, J., Revuelta, J.L., Rhodes, C.J., Ritis, K., Rizzo, E., Robbins, J., Roberge, M., Roca, H., Roccheri, M.C., Rocchi, S., Rodemann, H.P., De Córdoba, S.R., Rohrer, B., Roninson, I.B., Rosen, K., Rost-Roszkowska, M.M., Rouis, M., Rouschop, K.M.A., Rovetta, F., Rubin, B.P., Rubinsztein, D.C., Ruckdeschel, K., Rucker III, E.B., Rudich, A., Rudolf, E., Ruiz-Opazo, N., Russo, R., Rusten, T.E., Ryan, K.M., Ryter, S.W., Sabatini, D.M., Sadoshima, J., Saha, T., Saitoh, T., Sakagami, H., Sakai, Y., Salekdeh, G.H., Salomoni, P., Salvaterra, P.M., Salvesen, G., Salvioli, R., Sanchez, A.M.J., Sánchez-Alcázar, J.A., Sánchez-Prieto, R., Sandri, M., Sankar, U., Sansanwal, P., Santambrogio, L., Saran, S., Sarkar, S., Sarwal, M., Sasakawa, C., Sasnauskiene, A., Sass, M., Sato, K., Sato, M., Schapira, A.H.V., Scharl, M., Schätzl, H.M., Scheper, W., Schiaffino, S., Schneider, C., Schneider, M.E., Schneider-Stock, R., Schoenlein, P.V., Schorderet, D.F., Schüller, C., Schwartz, G.K., Scorrano, L., Sealy, L., Seglen, P.O., Segura-Aguilar, J., Seiliez, I., Seleverstov, O., Sell, C., Seo, J.B., Separovic, D., Setaluri, V., Setoguchi, T., Settembre, C., Shacka, J.J., Shanmugam, M., Shapiro, I.M., Shaulian, E., Shaw, R.J., Shelhamer, J.H., Shen, H.-M., Shen, W.-C., Sheng, Z.-H., Shi, Y., Shibuya, K., Shidoji, Y., Shieh, J.-J., Shih, C.-M., Shimada, Y., Shimizu, S., Shintani, T., Shirihai, O.S., Shore, G.C., Sibirny, A.A., Sidhu, S.B., Sikorska, B., Silva-Zacarin, E.C.M., Simmons, A., Simon, A.K., Simon, H.-U., Simone, C., Simonsen, A., Sinclair, D.A., Singh, R., Sinha, D., Sinicrope, F.A., Sirko, A., Siu, P.M., Sivridis, E., Skop, V., Skulachev, V.P., Slack, R.S., Smaili, S.S., Smith, D.R., Soengas, M.S., Soldati, T., Song, X., Sood, A.K., Soong, T.W., Sotgia, F., Spector, S.A., Spies, C.D., Springer, W., Srinivasula, S.M., Stefanis, L., Steffan, J.S., Stendel, R., Stenmark, H., Stephanou, A., Stern, S.T., Sternberg, C., Stork, B., Strålfors, P., Subauste, C.S., Sui, X., Sulzer, D., Sun, J., Sun, S.-Y., Sun, Z.-J., Sung, J.J.Y., Suzuki, K., Suzuki, T., Swanson, M.S., Swanton, C., Sweeney, S.T., Sy, L.-K., Szabadkai, G., Tabas, I., Taegtmeyer, H., Tafani, M., Takács-Vellai, K., Takano, Y., Takegawa, K., Takemura, G., Takeshita, F., Talbot, N.J., Tan, K.S.W., Tanaka, K., Tanaka, K., Tang, D., Tang, D., Tanida, I., Tannous, B.A., Tavernarakis, N., Taylor, G.S., Taylor, G.A., Taylor, J.P., Terada, A.S., Terman, A., Tettamanti, G., Thevissen, K., Thompson, C.B., Thorburn, A., Thumm, M., Tian, F., Tian, Y., Tocchini-Valentini, G., Tolkovsky, A.M., Tomino, Y., Tönges, L., Tooze, S.A., Tournier, C., Tower, J., Towns, R., Trajkovic, V., Travassos, L.H., Tsai, T.-F., Tschan, M.P., Tsubata, T., Tsung, A., Turk, B., Turner, L.S., Tyagi, S.C., Uchiyama, Y., Ueno, T., Umekawa, M., Umemiya-Shirafuji, R., Unni, V.K., Vaccaro, M.I., Valente, E.M., Van Den Berghe, G., Van Der Klei, I.J., Van Doorn, W.G., Van Dyk, L.F., Van Egmond, M., Van Grunsven, L.A., Vandenabeele, P., Vandenberghe, W.P., Vanhorebeek, I., Vaquero, E.C., Velasco, G., Vellai, T., Vicencio, J.M., Vierstra, R.D., Vila, M., Vindis, C., Viola, G., Viscomi, M.T., Voitsekhovskaja, O.V., Von Haefen, C., Votruba, M., Wada, K., Wade-Martins, R., Walker, C.L., Walsh, C.M., Walter, J., Wan, X.-B., Wang, A., Wang, C., Wang, D., Wang, F., Wang, F., Wang, G., Wang, H., Wang, H.-G., Wang, H.-D., Wang, J., Wang, K., Wang, M., Wang, R.C., Wang, X., Wang, X., Wang, Y.-J., Wang, Y., Wang, Z., Wang, Z.C., Wang, Z., Wansink, D.G., Ward, D.M., Watada, H., Waters, S.L., Webster, P., Wei, L., Weihl, C.C., Weiss, W.A., Welford, S.M., Wen, L.-P., Whitehouse, C.A., Whitton, J.L., Whitworth, A.J., Wileman, T., Wiley, J.W., Wilkinson, S., Willbold, D., Williams, R.L., Williamson, P.R., Wouters, B.G., Wu, C., Wu, D.-C., Wu, W.K.K., Wyttenbach, A., Xavier, R.J., Xi, Z., Xia, P., Xiao, G., Xie, Z., Xie, Z., Xu, D.-Z., Xu, J., Xu, L., Xu, X., Yamamoto, A., Yamamoto, A., Yamashina, S., Yamashita, M., Yan, X., Yanagida, M., Yang, D.-S., Yang, E., Yang, J.-M., Yang, S.Y., Yang, W., Yang, W.Y., Yang, Z., Yao, M.-C., Yao, T.-P., Yeganeh, B., Yen, W.-L., Yin, J.-J., Yin, X.-M., Yoo, O.-J., Yoon, G., Yoon, S.-Y., Yorimitsu, T., Yoshikawa, Y., Yoshimori, T., Yoshimoto, K., You, H.J., Youle, R.J., Younes, A., Yu, L., Yu, L., Yu, S.-W., Yu, W.H., Yuan, Z.-M., Yue, Z., Yun, C.-H., Yuzaki, M., Zabirnyk, O., Silva-Zacarin, E., David Zacks, E., Zacksenhaus, L., Zaffaroni, N., Zakeri, Z., Zeh III, H.J., Zeitlin, S.O., Zhang, H., Zhang, H.-L., Zhang, J., Zhang, J.-P., Zhang, L., Zhang, L., Zhang, M.-Y., Zhang, X.D., Zhao, M., Zhao, Y.-F., Zhao, Y., Zhao, Z.J., Zheng, X., Zhivotovsky, B., Zhong, Q., Zhou, C.-Z., Zhu, C., Zhu, W.-G., Zhu, X.-F., Zhu, X., Zhu, Y., Zoladek, T., Zong, W.-X., Zorzano, A., Zschocke, J., Zuckerbraun, B.","Guidelines for the use and interpretation of assays for monitoring autophagy",2012,"Autophagy","8","4",,"445","544",,1925,10.4161/auto.19496,"https://www.scopus.com/inward/record.uri?eid=2-s2.0-84862295360&doi=10.4161%2fauto.19496&partnerID=40&md5=4a625309025c5dc3fadd165b1601ea87",Review,Scopus,2-s2.0-84862295360
"Schneller, W., Campbell, P.J., Bassham, D., Wurtele, E.S.","Meta!Blast computer game: A pipeline from science to 3D art to education",2012,"Proceedings of SPIE - The International Society for Optical Engineering","8289",, 828905,"","",,,10.1117/12.911289,"https://www.scopus.com/inward/record.uri?eid=2-s2.0-84899129744&doi=10.1117%2f12.911289&partnerID=40&md5=bf3b80025205747207070600b3d219d9",Conference Paper,Scopus,2-s2.0-84899129744
"Kim, S.-J., Bassham, D.C.","Tno1 is involved in salt tolerance and vacuolar trafficking in arabidopsis",2011,"Plant Physiology","156","2",,"514","526",,20,10.1104/pp.110.168963,"https://www.scopus.com/inward/record.uri?eid=2-s2.0-79958035537&doi=10.1104%2fpp.110.168963&partnerID=40&md5=0dd905850a18377206d90855b033f2b0",Article,Scopus,2-s2.0-79958035537
"Lenz, H.D., Haller, E., Melzer, E., Kober, K., Wurster, K., Stahl, M., Bassham, D.C., Vierstra, R.D., Parker, J.E., Bautor, J., Molina, A., Escudero, V., Shindo, T., van der Hoorn, R.A., Gust, A.A., Nürnberger, T.","Autophagy differentially controls plant basal immunity to biotrophic and necrotrophic pathogens.",2011,"The Plant journal : for cell and molecular biology","66","5",,"818","830",,84,10.1111/j.1365-313X.2011.04546.x,"https://www.scopus.com/inward/record.uri?eid=2-s2.0-79959978116&doi=10.1111%2fj.1365-313X.2011.04546.x&partnerID=40&md5=9d7a9443a0e4eef6ce829c7e6596e5da",Article,Scopus,2-s2.0-79959978116
"Peng, J., Ilarslan, H., Wurtele, E.S., Bassham, D.C.","AtRabD2b and AtRabD2c have overlapping functions in pollen development and pollen tube growth",2011,"BMC Plant Biology","11",, 25,"","",,12,10.1186/1471-2229-11-25,"https://www.scopus.com/inward/record.uri?eid=2-s2.0-79251572656&doi=10.1186%2f1471-2229-11-25&partnerID=40&md5=cc878eb379ad433e78fd084b7f66b93d",Article,Scopus,2-s2.0-79251572656
"Hillwig, M.S., Contento, A.L., Meyer, A., Ebany, D., Bassham, D.C., MacIntosha, G.C.","RNS2, a conserved member of the RNase T2 family, is necessary for ribosomal RNA decay in plants",2011,"Proceedings of the National Academy of Sciences of the United States of America","108","3",,"1093","1098",,46,10.1073/pnas.1009809108,"https://www.scopus.com/inward/record.uri?eid=2-s2.0-79551615012&doi=10.1073%2fpnas.1009809108&partnerID=40&md5=79984d16fc3eaaf9e3e99e6885c0af43",Article,Scopus,2-s2.0-79551615012
"MacIntosh, G.C., Bassham, D.C.","The connection between ribophagy, autophagy and ribosomal RNA decay",2011,"Autophagy","7","6",,"662","663",,17,10.4161/auto.7.6.15447,"https://www.scopus.com/inward/record.uri?eid=2-s2.0-79957880149&doi=10.4161%2fauto.7.6.15447&partnerID=40&md5=a197948fa67f9c466d5b9d96d8273de8",Short Survey,Scopus,2-s2.0-79957880149
"Wurtele, E.S., Bassham, D.C., Dickerson, J., Kabala, D.J., Schneller, W., Stenerson, M., Vasanth, A.","Meta!Blast: A serious game to explore the complexities of structural and metabolic cell biology",2010,"ASME 2010 World Conference on Innovative Virtual Reality, WINVR 2010",,,,"237","240",,3,,"https://www.scopus.com/inward/record.uri?eid=2-s2.0-84859544816&partnerID=40&md5=151720c11d762899585966a16b98542f",Conference Paper,Scopus,2-s2.0-84859544816
"Liu, Y., Bassham, D.C.","TOR is a negative regulator of autophagy in Arabidopsis thaliana",2010,"PLoS ONE","5","7", e11883,"","",,81,10.1371/journal.pone.0011883,"https://www.scopus.com/inward/record.uri?eid=2-s2.0-77955608570&doi=10.1371%2fjournal.pone.0011883&partnerID=40&md5=f88d51d874a099d627d8951c4b296d0e",Article,Scopus,2-s2.0-77955608570
"Contento, A.L., Bassham, D.C.","Increase in catalase-3 activity as a response to use of alternative catabolic substrates during sucrose starvation",2010,"Plant Physiology and Biochemistry","48","4",,"232","238",,11,10.1016/j.plaphy.2010.01.004,"https://www.scopus.com/inward/record.uri?eid=2-s2.0-77949487184&doi=10.1016%2fj.plaphy.2010.01.004&partnerID=40&md5=d9cfee321dc6c987e87ded498a8140aa",Article,Scopus,2-s2.0-77949487184
"Zouhar, J., Rojo, E., Bassham, D.C.","Retrograde transport from the prevacuolar compartment to the trans-Golgi network",2010,"Plant Science","178","2",,"90","93",,1,10.1016/j.plantsci.2009.10.010,"https://www.scopus.com/inward/record.uri?eid=2-s2.0-74849091601&doi=10.1016%2fj.plantsci.2009.10.010&partnerID=40&md5=1365fc74d7f153cb4fbdb5ff71f81f78",Review,Scopus,2-s2.0-74849091601
"Liu, Y., Xiong, Y., Bassham, D.C.","Autophagy is required for tolerance of drought and salt stress in plants",2009,"Autophagy","5","7",,"954","963",,108,10.4161/auto.5.7.9290,"https://www.scopus.com/inward/record.uri?eid=2-s2.0-70349645984&doi=10.4161%2fauto.5.7.9290&partnerID=40&md5=49aabd302af82aa072b179bd27c44e17",Article,Scopus,2-s2.0-70349645984
"Bassham, D.C.","Function and regulation of macroautophagy in plants",2009,"Biochimica et Biophysica Acta - Molecular Cell Research","1793","9",,"1397","1403",,50,10.1016/j.bbamcr.2009.01.001,"https://www.scopus.com/inward/record.uri?eid=2-s2.0-69349103147&doi=10.1016%2fj.bbamcr.2009.01.001&partnerID=40&md5=eb45c1adc3cc2fa1f8f34838b6464ec7",Review,Scopus,2-s2.0-69349103147
"Zouhar, J., Rojo, E., Bassham, D.C.","AtVPS45 is a positive regulator of the SYP41/SYP61/VTI12 SNARE complex involved in trafficking of vacuolar cargo 1[OA]",2009,"Plant Physiology","149","4",,"1668","1678",,50,10.1104/pp.108.134361,"https://www.scopus.com/inward/record.uri?eid=2-s2.0-65249177129&doi=10.1104%2fpp.108.134361&partnerID=40&md5=7c9049f877fc25d2579c5d36fb88b882",Article,Scopus,2-s2.0-65249177129
"Phan, N.Q., Kim, S.-J., Bassham, D.C.","Overexpression of arabidopsis sorting nexin AtSNX2b inhibits endocytic trafficking to the vacuole",2008,"Molecular Plant","1","6",,"961","976",,24,10.1093/mp/ssn057,"https://www.scopus.com/inward/record.uri?eid=2-s2.0-70450203057&doi=10.1093%2fmp%2fssn057&partnerID=40&md5=895cb22dc467e3c59c1c6e9b976336a4",Article,Scopus,2-s2.0-70450203057
"Bassham, D.C., Blatt, M.R.","SNAREs: Cogs and coordinators in signaling and development",2008,"Plant Physiology","147","4",,"1504","1515",,52,10.1104/pp.108.121129,"https://www.scopus.com/inward/record.uri?eid=2-s2.0-53749099016&doi=10.1104%2fpp.108.121129&partnerID=40&md5=5e83a4e516607d226df9b40b449aee87",Review,Scopus,2-s2.0-53749099016
"Klionsky, D.J., Abeliovich, H., Agostinis, P., Agrawal, D.K., Aliev, G., Askew, D.S., Baba, M., Baehrecke, E.H., Bahr, B.A., Ballabio, A., Bamber, B.A., Bassham, D.C., Bergamini, E., Bi, X., Biard-Piechaczyk, M., Blum, J.S., Bredesen, D.E., Brodsky, J.L., Brumell, J.H., Brunk, U.T., Bursch, W., Camougrand, N., Cebollero, E., Cecconi, F., Chen, Y., Chin, L.-S., Choi, A., Chu, C.T., Chung, J., Clarke, P.G.H., Clark, R.S.B., Clarke, S.G., Clavé, C., Cleveland, J.L., Codogno, P., Colombo, M.I., Cotomontes, A., Cregg, J.M., Cuervo, A.M., Debnath, J., Demarchi, F., Dennis, P.B., Dennis, P.A., Deretic, V., Devenish, R.J., Di Sano, F., Dice, J.F., DiFiglia, M., Dinesh-Kumar, S., Distelhorst, C.W., Djavaheri-Mergny, M., Dorsey, F.C., Dröge, W., Dron, M., Dunn Jr., W.A., Duszenko, M., Eissa, N.T., Elazar, Z., Esclatine, A., Eskelinen, E.-L., Fésüs, L., Finley, K.D., Fuentes, J.M., Fueyo, J., Fujisaki, K., Galliot, B., Gao, F.-B., Gewirtz, D.A., Gibson, S.B., Gohla, A., Goldberg, A.L., Gonzalez, R., González-Estévez, C., Gorski, S., Gottlieb, R.A., Häussinger, D., He, Y.-W., Heidenreich, K., Hill, J.A., Høyer-Hansen, M., Hu, X., Huang, W.-P., Iwasaki, A., Jäättelä, M., Jackson, W.T., Jiang, X., Jin, S., Johansen, T., Jung, J.U., Kadowaki, M., Kang, C., Kelekar, A., Kessel, D.H., Kiel, J.A.K.W., Hong, P.K., Kimchi, A., Kinsella, T.J., Kiselyov, K., Kitamoto, K., Knecht, E., Komatsu, M., Kominami, E., Kondo, S., Kovács, A.L., Kroemer, G., Kuan, C.-Y., Kumar, R., Kundu, M., Landry, J., Laporte, M., Le, W., Lei, H.-Y., Lenardo, M.J., Levine, B., Lieberman, A., Lim, K.-L., Lin, F.-C., Liou, W., Liu, L.F., Lopez-Berestein, G., López-Otín, C., Lu, B., Macleod, K.F., Malorni, W., Martinet, W., Matsuoka, K., Mautner, J., Meijer, A.J., Meléndez, A., Michels, P., Miotto, G., Mistiaen, W.P., Mizushima, N., Mograbi, B., Monastyrska, I., Moore, M.N., Moreira, P.I., Moriyasu, Y., Motyl, T., Münz, C., Murphy, L.O., Naqvi, N.I., Neufeld, T.P., Nishino, I., Nixon, R.A., Noda, T., Nürnberg, B., Ogawa, M., Oleinick, N.L., Olsen, L.J., Ozpolat, B., Paglin, S., Palmer, G.E., Papassideri, I., Parkes, M., Perlmutter, D.H., Perry, G., Piacentini, M., Pinkas-Kramarski, R., Prescott, M., Proikascezanne, T., Raben, N., Rami, A., Reggiori, F., Rohrer, B., Rubinsztein, D.C., Ryan, K.M., Sadoshima, J., Sakagami, H., Sakai, Y., Sandri, M., Sasakawa, C., Sass, M., Schneider, C., Seglen, P.O., Seleverstov, O., Settleman, J., Shacka, J.J., Shapiro, I.M., Sibirny, A., Silva-Zacarin, E.C.M., Simon, H.-U., Simone, C., Simonsen, A., Smith, M.A., Spanel-Borowski, K., Srinivas, V., Steeves, M., Stenmark, H., Stromhaug, P.E., Subauste, C.S., Sugimoto, S., Sulzer, D., Suzuki, T., Swanson, M.S., Tabas, I., Takeshita, F., Talbot, N.J., Tallóczy, Z., Tanaka, K., Tanaka, K., Tanida, I., Taylor, G.S., Taylor, J.P., Terman, A., Tettamanti, G., Thompson, C.B., Thumm, M., Tolkovsky, A.M., Tooze, S.A., Truant, R., Tumanovska, L.V., Uchiyama, Y., Ueno, T., Uzcátegui, N.L., Van Der Klei, I., Vaquero, E.C., Vellai, T., Vogel, M.W., Wang, H.-G., Webster, P., Wiley, J.W., Xi, Z., Xiao, G., Yahalom, J., Yang, J.-M., Yap, G., Yin, X.-M., Yoshimori, T., Yu, L., Yue, Z., Yuzaki, M., Zabirnyk, O., Zheng, X., Zhu, X., Deter, R.L.","Guidelines for the use and interpretation of assays for monitoring autophagy in higher eukaryotes",2008,"Autophagy","4","2",,"151","175",,1583,,"https://www.scopus.com/inward/record.uri?eid=2-s2.0-38949108670&partnerID=40&md5=a98ed6997381c0484e5b7bee97436835",Review,Scopus,2-s2.0-38949108670
"Bassham, D.C.","Plant autophagy-more than a starvation response",2007,"Current Opinion in Plant Biology","10","6",,"587","593",,153,10.1016/j.pbi.2007.06.006,"https://www.scopus.com/inward/record.uri?eid=2-s2.0-35648962331&doi=10.1016%2fj.pbi.2007.06.006&partnerID=40&md5=baf2b223f9fc6da15b15c44fa1c1fe20",Review,Scopus,2-s2.0-35648962331
"Leon, R.G., Bassham, D.C., Owen, M.D.K.","Thermal and hormonal regulation of the dormancy-germination transition in Amaranthus tuberculatus seeds",2007,"Weed Research","47","4",,"335","344",,11,10.1111/j.1365-3180.2007.00571.x,"https://www.scopus.com/inward/record.uri?eid=2-s2.0-34447312831&doi=10.1111%2fj.1365-3180.2007.00571.x&partnerID=40&md5=575893fb3d80bf213ade13ee1161599a",Article,Scopus,2-s2.0-34447312831
"Xiong, Y., Contento, A.L., Bassham, D.C.","Disruption ol autophagy results in constitutive oxidative stress in Arabidopsis",2007,"Autophagy","3","3",,"257","258",,54,,"https://www.scopus.com/inward/record.uri?eid=2-s2.0-34248593471&partnerID=40&md5=0e0f20eb8011365f55c6ba896af9cbd8",Article,Scopus,2-s2.0-34248593471
"Xiong, Y., Contento, A.L., Nguyen, P.Q., Bassham, D.C.","Degradation of oxidized proteins by autophagy during oxidative stress in arabidopsis",2007,"Plant Physiology","143","1",,"291","299",,199,10.1104/pp.106.092106,"https://www.scopus.com/inward/record.uri?eid=2-s2.0-33846378524&doi=10.1104%2fpp.106.092106&partnerID=40&md5=47b5931efeb9b06df217943f90374f9f",Article,Scopus,2-s2.0-33846378524
"Leon, R.G., Bassham, D.C., Owen, M.D.K.","Inheritance of deep seed dormancy and stratification-mediated dormancy alleviation in Amaranthus tuberculatus",2006,"Seed Science Research","16","3",,"193","202",,2,10.1079/SSR2006250,"https://www.scopus.com/inward/record.uri?eid=2-s2.0-33750631746&doi=10.1079%2fSSR2006250&partnerID=40&md5=27c3ad6fbddae8ca3f1771f3249cd46f",Article,Scopus,2-s2.0-33750631746
"Leon, R.G., Bassham, D.C., Owen, M.D.K.","Germination and proteome analyses reveal intraspecific variation in seed dormancy regulation in common waterhemp (Amaranthus tuberculatus)",2006,"Weed Science","54","2",,"305","315",,17,,"https://www.scopus.com/inward/record.uri?eid=2-s2.0-33750350341&partnerID=40&md5=fcc361e6cd085cc99686ccf8aefc97bd",Article,Scopus,2-s2.0-33750350341
"Call, A.B., Herrnstadt, S., Wurtele, E.S., Bassham, D.","Virtual cell: A pedagogical convergence between game design and science education",2006,"EISTA 2006 - 4th Int. Conf. on Education and Information Systems: Technologies and Applications, Jointly with SOIC 2006 - 2nd Int. Conf. on SOIC and PISTA 2006 - 4th Int. Conf. on PISTA, Proceedings","1",,,"153","157",,,,"https://www.scopus.com/inward/record.uri?eid=2-s2.0-84897014350&partnerID=40&md5=bfc3037d076ec6cc03e017eb0adf7c1a",Conference Paper,Scopus,2-s2.0-84897014350
"Bassham, D.C., Laporte, M., Marty, F., Moriyasu, Y., Ohsumi, Y., Olsen, L.J., Yoshimoto, K.","Autophagy in development and stress responses of plants",2006,"Autophagy","2","1",,"2","11",,161,,"https://www.scopus.com/inward/record.uri?eid=2-s2.0-33644583039&partnerID=40&md5=941ed1bfbacf8186462470a2d8aaf8dc",Review,Scopus,2-s2.0-33644583039
"Chen, Y., Shin, Y.-K., Bassham, D.C.","YKT6 is a core constituent of membrane fusion machineries at the Arabidopsis trans-Golgi network",2005,"Journal of Molecular Biology","350","1",,"92","101",,30,10.1016/j.jmb.2005.04.061,"https://www.scopus.com/inward/record.uri?eid=2-s2.0-20444418161&doi=10.1016%2fj.jmb.2005.04.061&partnerID=40&md5=9d29e93f7101022e36544e8e45a9ff7d",Article,Scopus,2-s2.0-20444418161
"Xiong, Y., Contento, A.L., Bassham, D.C.","AtATG18a is required for the formation of autophagosomes during nutrient stress and senescence in Arabidopsis thaliana",2005,"Plant Journal","42","4",,"535","546",,156,10.1111/j.1365-313X.2005.02397.x,"https://www.scopus.com/inward/record.uri?eid=2-s2.0-19444366819&doi=10.1111%2fj.1365-313X.2005.02397.x&partnerID=40&md5=ddba995f7632564cad47fac53f3b2b2e",Article,Scopus,2-s2.0-19444366819
"Contento, A.L., Xiong, Y., Bassham, D.C.","Visualization of autophagy in Arabidopsis using the fluorescent dye monodansylcadaverine and a GFP-AtATG8e fusion protein",2005,"Plant Journal","42","4",,"598","608",,136,10.1111/j.1365-313X.2005.02396.x,"https://www.scopus.com/inward/record.uri?eid=2-s2.0-19444370899&doi=10.1111%2fj.1365-313X.2005.02396.x&partnerID=40&md5=fbc958d06006d2bd9c470602a90efbbe",Article,Scopus,2-s2.0-19444370899
"Contento, A.L., Kim, S.-J., Bassham, D.C.","Transcriptome profiling of the response of arabidopsis suspension culture cells to Suc starvation",2004,"Plant Physiology","135","4",,"2330","2347",,143,10.1104/pp.104.044362,"https://www.scopus.com/inward/record.uri?eid=2-s2.0-4444288688&doi=10.1104%2fpp.104.044362&partnerID=40&md5=3443f8f7e2d64d8f71da2a447be185bf",Article,Scopus,2-s2.0-4444288688
"Bassham, D.C.","Golgi-independent trafficking of macromolecules to the plant vacuole",2002,"Advances in Botanical Research","38",,,"65","92",,6,,"https://www.scopus.com/inward/record.uri?eid=2-s2.0-21144450937&partnerID=40&md5=30f9ed92265c90aeaf1d6710379cd21c",Review,Scopus,2-s2.0-21144450937
"Sanderfoot, A.A., Kovaleva, V., Bassham, D.C., Raikhel, N.V.","Interactions between syntaxins identify at least five SNARE complexes within the golgi/prevacuolar system of the arabidopsis cell",2001,"Molecular Biology of the Cell","12","12",,"3733","3743",,152,,"https://www.scopus.com/inward/record.uri?eid=2-s2.0-0035661728&partnerID=40&md5=0fffe137c8c7db1bd8104281469adc17",Article,Scopus,2-s2.0-0035661728
"Bassham, D.C., Raikhel, N.V.","Unique features of the plant vacuolar sorting machinery",2000,"Current Opinion in Cell Biology","12","4",,"491","495",,63,10.1016/S0955-0674(00)00121-6,"https://www.scopus.com/inward/record.uri?eid=2-s2.0-0033919241&doi=10.1016%2fS0955-0674%2800%2900121-6&partnerID=40&md5=b8b11704a5908e657106b6715273e9e2",Review,Scopus,2-s2.0-0033919241
"Bassham, D.C., Sanderfoot, A.A., Kovaleva, V., Zheng, H., Raikhel, N.V.","AtVPS45 complex formation at the trans-Golgi network",2000,"Molecular Biology of the Cell","11","7",,"2251","2265",,111,,"https://www.scopus.com/inward/record.uri?eid=2-s2.0-0033944544&partnerID=40&md5=d11347798da2723b499495743cd712b6",Article,Scopus,2-s2.0-0033944544
"Bassham, D.C., Raikhel, N.V.","Plant cells are not just green yeast",2000,"Plant Physiology","122","4",,"999","1001",,30,,"https://www.scopus.com/inward/record.uri?eid=2-s2.0-0034003618&partnerID=40&md5=6d1b946fb8b9e7da549bf81de0405ea2",Letter,Scopus,2-s2.0-0034003618
"Bassham, D.C., Raikhel, N.V.","The pre-vacuolar t-SNARE AtPEP12p forms a 20S complex that dissociates in the presence of ATP",1999,"Plant Journal","19","5",,"599","603",,18,10.1046/j.1365-313X.1999.00552.x,"https://www.scopus.com/inward/record.uri?eid=2-s2.0-0033199613&doi=10.1046%2fj.1365-313X.1999.00552.x&partnerID=40&md5=5a8eefee7f70074f98e2674b3d02acc6",Article,Scopus,2-s2.0-0033199613
"Zheng, H., Bassham, D.C., Da Silva Conceição, A., Raikhel, N.V.","The syntaxin family of proteins in Arabidopsis: A new syntaxin homologue shows polymorphism between two ecotypes",1999,"Journal of Experimental Botany","50","SPEC. ISS.",,"915","924",,18,,"https://www.scopus.com/inward/record.uri?eid=2-s2.0-0033014830&partnerID=40&md5=7506ee8dd910271d6c8abe05903cebc0",Conference Paper,Scopus,2-s2.0-0033014830
"Bassham, D.C., Raikhel, N.V.","An arabidopsis VPS45p homolog implicated in protein transport to the vacuole",1998,"Plant Physiology","117","2",,"407","415",,36,,"https://www.scopus.com/inward/record.uri?eid=2-s2.0-0032088950&partnerID=40&md5=ff35c1d4a10f188b5892413c84be1ffe",Article,Scopus,2-s2.0-0032088950
"Bassham, D.C., Raikhel, N.V.","Molecular Aspects of Vacuole Biogenesis",1997,"Advances in Botanical Research","25","C",,"43","58",,10,10.1016/S0065-2296(08)60147-0,"https://www.scopus.com/inward/record.uri?eid=2-s2.0-21744439190&doi=10.1016%2fS0065-2296%2808%2960147-0&partnerID=40&md5=128b8db71e9d1ea1bff063ce2eee6062",Article,Scopus,2-s2.0-21744439190
"Conceição, A.D.S., Marty-Mazars, D., Bassham, D.C., Sanderfoot, A.A., Marty, F., Raikhel, N.V.","The syntaxin homolog AtPEP12p resides on a late post-Golgi compartment in plants",1997,"Plant Cell","9","4",,"571","582",,125,10.1105/tpc.9.4.571,"https://www.scopus.com/inward/record.uri?eid=2-s2.0-0031127747&doi=10.1105%2ftpc.9.4.571&partnerID=40&md5=349646741b3431e65edc33c58a69fee4",Article,Scopus,2-s2.0-0031127747
"Bassham, D.C., Raikhel, N.V.","Transport proteins in the plasma membrane and the secretory system",1996,"Trends in Plant Science","1","1",,"15","20",,18,,"https://www.scopus.com/inward/record.uri?eid=2-s2.0-0002678814&partnerID=40&md5=4f36dd7beea6a72d2507a75090dd20c0",Review,Scopus,2-s2.0-0002678814
"Bar-Peled, M., Bassham, D.C., Raikhel, N.V.","Transport of proteins in eukaryotic cells: More questions ahead",1996,"Plant Molecular Biology","32","1-2",,"223","249",,28,,"https://www.scopus.com/inward/record.uri?eid=2-s2.0-0030267494&partnerID=40&md5=49c9a38af06fb5ecdf48c11d0caaf644",Article,Scopus,2-s2.0-0030267494
"Gibson, L.C.D., Marrison, J.L., Leech, R.M., Jensen, P.E., Bassham, D.C., Gibson, M., Hunter, C.N.","A putative Mg chelatase subunit from Arabidopsis thaliana cv C24: Sequence and transcript analysis of the gene, import of the protein into chloroplasts, and in situ localization of the transcript and protein",1996,"Plant Physiology","111","1",,"61","71",,80,,"https://www.scopus.com/inward/record.uri?eid=2-s2.0-0030136845&partnerID=40&md5=db69f10a72c0a2b677c5cebaa2a8756e",Article,Scopus,2-s2.0-0030136845
"Matsuoka, K., Bassham, D.C., Raikhel, N.V., Nakamura, K.","Different sensitivity to wortmannin of two vacuolar sorting signals indicates the presence of distinct sorting machineries in tobacco cells",1995,"Journal of Cell Biology","130","6",,"1307","1318",,193,10.1083/jcb.130.6.1307,"https://www.scopus.com/inward/record.uri?eid=2-s2.0-0028981718&doi=10.1083%2fjcb.130.6.1307&partnerID=40&md5=4ea93ce5594f43b4ca7eb5fd7030cbdf",Article,Scopus,2-s2.0-0028981718
"Bassham, D.C., Gal, S., Da Silva Conceicao, A., Raikhel, N.V.","An Arabidopsis syntaxin homologue isolated by functional complementation of a yeast pep12 mutant",1995,"Proceedings of the National Academy of Sciences of the United States of America","92","16",,"7262","7266",,86,10.1073/pnas.92.16.7262,"https://www.scopus.com/inward/record.uri?eid=2-s2.0-0029119236&doi=10.1073%2fpnas.92.16.7262&partnerID=40&md5=d2ad6ea9c1480d948fb68adbd8f395b5",Article,Scopus,2-s2.0-0029119236
"Bassham, D.C., Creighton, A.M., Karnauchov, I., Herrmann, R.G., Klösgen, R.B., Robinson, C.","Mutations at the stromal processing peptidase cleavage site of a thylakoid lumen protein precursor affect the rate of processing but not the fidelity",1994,"Journal of Biological Chemistry","269","23",,"16062","16066",,12,,"https://www.scopus.com/inward/record.uri?eid=2-s2.0-0028178383&partnerID=40&md5=d7f01524704cb11abf0c8d64bc574dd6",Article,Scopus,2-s2.0-0028178383
"BASSHAM, D.C., CREIGHTON, A.M., ARRETZ, M., BRUNNER, M., ROBINSON, C.","Efficient but aberrant cleavage of mitochondrial precursor proteins by the chloroplast stromal processing peptidase",1994,"European Journal of Biochemistry","221","1",,"523","528",,6,10.1111/j.1432-1033.1994.tb18764.x,"https://www.scopus.com/inward/record.uri?eid=2-s2.0-0028324123&doi=10.1111%2fj.1432-1033.1994.tb18764.x&partnerID=40&md5=55961872e03afce850333f4dbea33dcc",Article,Scopus,2-s2.0-0028324123
"Creighton, A.M., Bassham, D.C., Robinson, C.","The stromal processing peptidase activities from Chlamydomonas reinhardtii and Pisum sativum: unexpected similarities in reaction specificity",1993,"Plant Molecular Biology","23","6",,"1291","1296",,5,10.1007/BF00042363,"https://www.scopus.com/inward/record.uri?eid=2-s2.0-0027748989&doi=10.1007%2fBF00042363&partnerID=40&md5=72cb828f4e6650ae12dbabb74472d5a1",Article,Scopus,2-s2.0-0027748989
"Bassham, D.C., Bartling, D., Mould, R.M., Dunbar, B., Weisbeek, P., Herrmann, R.G., Robinson, C.","Transport of proteins into chloroplasts: Delineation of envelope ""transit"" and thylakoid ""transfer"" signals within the presequences of three imported thylakoid lumen proteins",1991,"Journal of Biological Chemistry","266","35",,"23606","23610",,30,,"https://www.scopus.com/inward/record.uri?eid=2-s2.0-0026316318&partnerID=40&md5=5c007c5d50a10c17f7bea5667c65eee3",Article,Scopus,2-s2.0-0026316318
